Workbook

Sheet MethodData
A1: Classe.Método | B1: CC | C1: CCM | D1: CDISP | E1: CINT | F1: CND | G1: FDP | H1: HD | I1: HEF | J1: HER | K1: HL | L1: HVC | M1: HVL | N1: LAA | O1: LND | P1: LOC | Q1: MMI | R1: MND | S1: NOAV | T1: NOL | U1: NOPM
A2: Barge: Barge(Compass, IPosition) | B2: 1 | C2: 0 | D2: 0.6 | E2: 5 | F2: 0 | G2: 0 | H2: 6 | I2: 301.1369 | J2: 0.015 | K2: 14 | L2: 12 | M2: 50.1895 | N2: 0 | O2: 0 | P2: 11 | Q2: 65.3869 | R2: 0 | S2: 2 | T2: 0 | U2: 2
A3: BoardWindow: close() | B3: 2 | C3: 1 | D3: 1 | E3: 1 | F3: 1 | G3: 0 | H3: 7.5 | I3: 247.5 | J3: 0.0131 | K3: 11 | L3: 8 | M3: 33 | N3: 1 | O3: 0 | P3: 6 | Q3: 72.2996 | R3: 1 | S3: 1 | T3: 0 | U3: 0
A4: BoardWindow: createBoardPanel(char[][], List<IPosition>) | B4: 10 | C4: 10 | D4: 0.5 | E4: 10 | F4: 2 | G4: 4 | H4: 27.5 | I4: 18919.5 | J4: 0.2367 | K4: 119 | L4: 55 | M4: 687.9818 | N4: 0 | O4: 3 | P4: 43 | Q4: 44.1935 | R4: 5 | S4: 19 | T4: 3 | U4: 2
A5: BoardWindow: show(char[][], char[][], List<IPosition>, List<IPosition>) | B5: 2 | C5: 1 | D5: 0.4545 | E5: 10 | F5: 1 | G5: 4 | H5: 16.7143 | I5: 8124.3706 | J5: 0.1347 | K5: 88 | L5: 46 | M5: 486.0735 | N5: 0.2857 | O5: 0 | P5: 30 | Q5: 48.873 | R5: 1 | S5: 17 | T5: 0 | U5: 4
A6: Caravel: Caravel(Compass, IPosition) | B6: 9 | C6: 5 | D6: 0.5 | E6: 6 | F6: 0 | G6: 1 | H6: 27 | I6: 12198.39 | J6: 0.1766 | K6: 93 | L6: 29 | M6: 451.7922 | N6: 0 | O6: 1 | P6: 27 | Q6: 49.8962 | R6: 1 | S6: 10 | T6: 4 | U6: 2
A7: Carrack: Carrack(Compass, IPosition) | B7: 9 | C7: 5 | D7: 0.5 | E7: 6 | F7: 0 | G7: 1 | H7: 27 | I7: 12198.39 | J7: 0.1766 | K7: 93 | L7: 29 | M7: 451.7922 | N7: 0 | O7: 1 | P7: 27 | Q7: 49.8962 | R7: 1 | S7: 10 | T7: 4 | U7: 2
A8: Compass: Compass(char) | B8: 1 | C8: 0 | D8: 0 | E8: 0 | F8: 0 | G8: 0 | H8: 1 | I8: 8 | J8: 0.0013 | K8: 4 | L8: 4 | M8: 8 | N8: 1 | O8: 0 | P8: 9 | Q8: 72.8607 | R8: 0 | S8: 2 | T8: 0 | U8: 1
A9: Compass: charToCompass(char) | B9: 6 | C9: 1 | D9: 0 | E9: 0 | F9: 0 | G9: 0 | H9: 5.0909 | I9: 615.6326 | J9: 0.0241 | K9: 29 | L9: 18 | M9: 120.9278 | N9: 1 | O9: 0 | P9: 28 | Q9: 53.6323 | R9: 1 | S9: 6 | T9: 0 | U9: 1
A10: Compass: getDirection() | B10: 1 | C10: 0 | D10: 0 | E10: 0 | F10: 0 | G10: 0 | H10: 1.5 | I10: 12 | J10: 0.0017 | K10: 4 | L10: 4 | M10: 8 | N10: 1 | O10: 0 | P10: 9 | Q10: 72.8607 | R10: 0 | S10: 1 | T10: 0 | U10: 0
A11: Compass: randomBearing() | B11: 1 | C11: 0 | D11: 0.5 | E11: 1 | F11: 0 | G11: 1 | H11: 4.6667 | I11: 186.028 | J11: 0.0109 | K11: 12 | L11: 10 | M11: 39.8631 | N11: 0 | O11: 0 | P11: 10 | Q11: 67.0454 | R11: 0 | S11: 3 | T11: 0 | U11: 0
A12: Compass: toString() | B12: 1 | C12: 0 | D12: 0 | E12: 0 | F12: 0 | G12: 0 | H12: 1.5 | I12: 17.4145 | J12: 0.0022 | K12: 5 | L12: 5 | M12: 11.6096 | N12: 1 | O12: 0 | P12: 10 | Q12: 70.8942 | R12: 0 | S12: 1 | T12: 0 | U12: 0
A13: Compass: valueOf(String) | B13: 1 | C13: 0 | D13: 0 | E13: 0 | F13: 0 | G13: 0 | H13: 0 | K13: 0 | L13: 0 | N13: 0 | O13: 0 | P13: 0 | Q13: 0 | R13: -1 | S13: 0 | T13: 0 | U13: 1
A14: Compass: values() | B14: 1 | C14: 0 | D14: 0 | E14: 0 | F14: 0 | G14: 0 | H14: 0 | K14: 0 | L14: 0 | N14: 0 | O14: 0 | P14: 0 | Q14: 0 | R14: -1 | S14: 0 | T14: 0 | U14: 0
A15: Fleet: Fleet() | B15: 1 | C15: 0 | D15: 0 | E15: 0 | F15: 0 | G15: 0 | H15: 1 | I15: 4.7549 | J15: 0.0009 | K15: 3 | L15: 3 | M15: 4.7549 | N15: 1 | O15: 0 | P15: 7 | Q15: 77.3494 | R15: 0 | S15: 1 | T15: 0 | U15: 0
A16: Fleet: addShip(IShip) | B16: 4 | C16: 3 | D16: 0.25 | E16: 2 | F16: 1 | G16: 0 | H16: 10.2857 | I16: 1092.3242 | J16: 0.0354 | K16: 25 | L16: 19 | M16: 106.1982 | N16: 0.5 | O16: 0 | P16: 23 | Q16: 55.9276 | R16: 1 | S16: 4 | T16: 0 | U16: 1
A17: Fleet: colisionRisk(IShip) | B17: 3 | C17: 2 | D17: 0.6667 | E17: 3 | F17: 1 | G17: 0 | H17: 10.2143 | I17: 1103.6352 | J17: 0.0356 | K17: 25 | L17: 20 | M17: 108.0482 | N17: 1 | O17: 1 | P17: 16 | Q17: 59.3475 | R17: 1 | S17: 3 | T17: 1 | U17: 1
A18: Fleet: createRandom() | B18: 4 | C18: 3 | D18: 0.75 | E18: 3 | F18: 1 | G18: 1 | H18: 14.375 | I18: 2597.3573 | J18: 0.063 | K18: 38 | L18: 27 | M18: 180.6857 | N18: 0 | O18: 1 | P18: 27 | Q18: 52.7984 | R18: 2 | S18: 5 | T18: 1 | U18: 0
A19: Fleet: getFloatingShips() | B19: 3 | C19: 2 | D19: 1 | E19: 2 | F19: 1 | G19: 0 | H19: 5.8333 | I19: 232.535 | J19: 0.0126 | K19: 12 | L19: 10 | M19: 39.8631 | N19: 1 | O19: 1 | P19: 19 | Q19: 60.8169 | R19: 0 | S19: 3 | T19: 1 | U19: 0
A20: Fleet: getShips() | B20: 1 | C20: 0 | D20: 0 | E20: 0 | F20: 0 | G20: 0 | H20: 1 | I20: 4.7549 | J20: 0.0009 | K20: 3 | L20: 3 | M20: 4.7549 | N20: 1 | O20: 0 | P20: 10 | Q20: 73.9704 | R20: 0 | S20: 1 | T20: 0 | U20: 0
A21: Fleet: getShipsLike(String) | B21: 3 | C21: 2 | D21: 1 | E21: 3 | F21: 1 | G21: 0 | H21: 8 | I21: 562.5922 | J21: 0.0227 | K21: 18 | L21: 15 | M21: 70.324 | N21: 1 | O21: 1 | P21: 21 | Q21: 58.09 | R21: 0 | S21: 4 | T21: 1 | U21: 1
A22: Fleet: getSunkShips() | B22: 3 | C22: 2 | D22: 1 | E22: 2 | F22: 1 | G22: 0 | H22: 6.6667 | I22: 299.8174 | J22: 0.0149 | K22: 13 | L22: 11 | M22: 44.9726 | N22: 1 | O22: 1 | P22: 19 | Q22: 60.4501 | R22: 0 | S22: 3 | T22: 1 | U22: 0
A23: Fleet: isInsideBoard(IShip) | B23: 4 | C23: 0 | D23: 0.25 | E23: 4 | F23: 0 | G23: 1 | H23: 14.4 | I23: 1589.2056 | J23: 0.0454 | K23: 27 | L23: 17 | M23: 110.3615 | N23: 0 | O23: 0 | P23: 12 | Q23: 61.9785 | R23: 0 | S23: 2 | T23: 0 | U23: 1
A24: Fleet: printAllShips() | B24: 1 | C24: 0 | D24: 0 | E24: 0 | F24: 0 | G24: 0 | H24: 1 | I24: 4.7549 | J24: 0.0009 | K24: 3 | L24: 3 | M24: 4.7549 | N24: 1 | O24: 0 | P24: 7 | Q24: 77.3494 | R24: 0 | S24: 1 | T24: 0 | U24: 0
A25: Fleet: printFloatingShips() | B25: 1 | C25: 0 | D25: 0 | E25: 0 | F25: 0 | G25: 0 | H25: 0 | I25: 0 | J25: 0 | K25: 4 | L25: 4 | M25: 8 | N25: 0 | O25: 0 | P25: 7 | Q25: 75.2416 | R25: 0 | S25: 0 | T25: 0 | U25: 0
A26: Fleet: printShips(List<IShip>) | B26: 2 | C26: 1 | D26: 1 | E26: 1 | F26: 0 | G26: 1 | H26: 3.75 | I26: 137.0295 | J26: 0.0089 | K26: 11 | L26: 10 | M26: 36.5412 | N26: 0 | O26: 1 | P26: 11 | Q26: 66.2926 | R26: 0 | S26: 3 | T26: 1 | U26: 1
... A74: IFleet: addShip(IShip) | B74: 1 | C74: 0 | D74: 0 | E74: 0 | F74: 0 | G74: 0 | H74: 0 | I74: 0 | J74: 0 | K74: 1 | L74: 1 | M74: 0 | N74: 0 | O74: 1 | P74: 0 | Q74: 0 | R74: 0 | S74: 0 | T74: 4 | U74: 1
A75: IFleet: getFloatingShips() | B75: 1 | C75: 0 | D75: 0 | E75: 0 | F75: 0 | G75: 0 | H75: 0 | K75: 0 | L75: 0 | N75: 0 | O75: 1 | P75: 0 | Q75: 0 | R75: 0 | S75: 0 | T75: 4 | U75: 0
A76: IFleet: getShips() | B76: 1 | C76: 0 | D76: 0 | E76: 0 | F76: 0 | G76: 0 | H76: 0 | K76: 0 | L76: 0 | N76: 0 | O76: 1 | P76: 0 | Q76: 0 | R76: 0 | S76: 0 | T76: 4 | U76: 0
A77: IFleet: getShipsLike(String) | B77: 1 | C77: 0 | D77: 0 | E77: 0 | F77: 0 | G77: 0 | H77: 0 | K77: 0 | L77: 0 | N77: 0 | O77: 1 | P77: 0 | Q77: 0 | R77: 0 | S77: 0 | T77: 4 | U77: 1
A78: IFleet: getSunkShips() | B78: 1 | C78: 0 | D78: 0 | E78: 0 | F78: 0 | G78: 0 | H78: 0 | K78: 0 | L78: 0 | N78: 0 | O78: 1 | P78: 0 | Q78: 0 | R78: 0 | S78: 0 | T78: 4 | U78: 0
A79: IFleet: printStatus() | B79: 1 | C79: 0 | D79: 0 | E79: 0 | F79: 0 | G79: 0 | H79: 0 | I79: 0 | J79: 0 | K79: 1 | L79: 1 | M79: 0 | N79: 0 | O79: 1 | P79: 0 | Q79: 0 | R79: 0 | S79: 0 | T79: 4 | U79: 0
A80: IFleet: shipAt(IPosition) | B80: 1 | C80: 0 | D80: 0 | E80: 0 | F80: 0 | G80: 0 | H80: 0 | K80: 0 | L80: 0 | N80: 0 | O80: 1 | P80: 0 | Q80: 0 | R80: 0 | S80: 0 | T80: 4 | U80: 1
A81: IGame: fireShots(List<IPosition>) | B81: 1 | C81: 0 | D81: 0 | E81: 0 | F81: 0 | G81: 0 | H81: 0 | I81: 0 | J81: 0 | K81: 1 | L81: 1 | M81: 0 | N81: 0 | O81: 0 | P81: 0 | Q81: 0 | R81: 0 | S81: 0 | T81: 0 | U81: 1
A82: IGame: fireSingleShot(IPosition, boolean) | B82: 1 | C82: 0 | D82: 0 | E82: 0 | F82: 0 | G82: 0 | H82: 0 | I82: 0 | J82: 0 | K82: 1 | L82: 1 | M82: 0 | N82: 0 | O82: 0 | P82: 0 | Q82: 0 | R82: 0 | S82: 0 | T82: 0 | U82: 2
A83: IGame: getAlienFleet() | B83: 1 | C83: 0 | D83: 0 | E83: 0 | F83: 0 | G83: 0 | H83: 0 | K83: 0 | L83: 0 | N83: 0 | O83: 0 | P83: 0 | Q83: 0 | R83: 0 | S83: 0 | T83: 0 | U83: 0
A84: IGame: getAlienMoves() | B84: 1 | C84: 0 | D84: 0 | E84: 0 | F84: 0 | G84: 0 | H84: 0 | K84: 0 | L84: 0 | N84: 0 | O84: 0 | P84: 0 | Q84: 0 | R84: 0 | S84: 0 | T84: 0 | U84: 0
A85: IGame: getHits() | B85: 1 | C85: 0 | D85: 0 | E85: 0 | F85: 0 | G85: 0 | H85: 0 | I85: 0 | J85: 0 | K85: 1 | L85: 1 | M85: 0 | N85: 0 | O85: 0 | P85: 0 | Q85: 0 | R85: 0 | S85: 0 | T85: 0 | U85: 0
A86: IGame: getInvalidShots() | B86: 1 | C86: 0 | D86: 0 | E86: 0 | F86: 0 | G86: 0 | H86: 0 | I86: 0 | J86: 0 | K86: 1 | L86: 1 | M86: 0 | N86: 0 | O86: 0 | P86: 0 | Q86: 0 | R86: 0 | S86: 0 | T86: 0 | U86: 0
A87: IGame: getMyFleet() | B87: 1 | C87: 0 | D87: 0 | E87: 0 | F87: 0 | G87: 0 | H87: 0 | K87: 0 | L87: 0 | N87: 0 | O87: 0 | P87: 0 | Q87: 0 | R87: 0 | S87: 0 | T87: 0 | U87: 0
A88: IGame: getMyMoves() | B88: 1 | C88: 0 | D88: 0 | E88: 0 | F88: 0 | G88: 0 | H88: 0 | K88: 0 | L88: 0 | N88: 0 | O88: 0 | P88: 0 | Q88: 0 | R88: 0 | S88: 0 | T88: 0 | U88: 0
A89: IGame: getRemainingShips() | B89: 1 | C89: 0 | D89: 0 | E89: 0 | F89: 0 | G89: 0 | H89: 0 | I89: 0 | J89: 0 | K89: 1 | L89: 1 | M89: 0 | N89: 0 | O89: 0 | P89: 0 | Q89: 0 | R89: 0 | S89: 0 | T89: 0 | U89: 0
A90: IGame: getRepeatedShots() | B90: 1 | C90: 0 | D90: 0 | E90: 0 | F90: 0 | G90: 0 | H90: 0 | I90: 0 | J90: 0 | K90: 1 | L90: 1 | M90: 0 | N90: 0 | O90: 0 | P90: 0 | Q90: 0 | R90: 0 | S90: 0 | T90: 0 | U90: 0
A91: IGame: getSunkShips() | B91: 1 | C91: 0 | D91: 0 | E91: 0 | F91: 0 | G91: 0 | H91: 0 | I91: 0 | J91: 0 | K91: 1 | L91: 1 | M91: 0 | N91: 0 | O91: 0 | P91: 0 | Q91: 0 | R91: 0 | S91: 0 | T91: 0 | U91: 0
A92: IGame: over() | B92: 1 | C92: 0 | D92: 0 | E92: 0 | F92: 0 | G92: 0 | H92: 0 | I92: 0 | J92: 0 | K92: 1 | L92: 1 | M92: 0 | N92: 0 | O92: 0 | P92: 0 | Q92: 0 | R92: 0 | S92: 0 | T92: 0 | U92: 0
A93: IGame: printAlienBoard(boolean, boolean) | B93: 1 | C93: 0 | D93: 0 | E93: 0 | F93: 0 | G93: 0 | H93: 0 | I93: 0 | J93: 0 | K93: 3 | L93: 2 | M93: 3 | N93: 0 | O93: 0 | P93: 0 | Q93: 0 | R93: 0 | S93: 0 | T93: 0 | U93: 2
A94: IGame: printMyBoard(boolean, boolean) | B94: 1 | C94: 0 | D94: 0 | E94: 0 | F94: 0 | G94: 0 | H94: 0 | I94: 0 | J94: 0 | K94: 3 | L94: 2 | M94: 3 | N94: 0 | O94: 0 | P94: 0 | Q94: 0 | R94: 0 | S94: 0 | T94: 0 | U94: 2
A95: IGame: randomEnemyFire() | B95: 1 | C95: 0 | D95: 0 | E95: 0 | F95: 0 | G95: 0 | H95: 0 | K95: 0 | L95: 0 | N95: 0 | O95: 0 | P95: 0 | Q95: 0 | R95: 0 | S95: 0 | T95: 0 | U95: 0
A96: IGame: readEnemyFire(Scanner) | B96: 1 | C96: 0 | D96: 0 | E96: 0 | F96: 0 | G96: 0 | H96: 0 | K96: 0 | L96: 0 | N96: 0 | O96: 0 | P96: 0 | Q96: 0 | R96: 0 | S96: 0 | T96: 0 | U96: 1
A97: IMove: getNumber() | B97: 1 | C97: 0 | D97: 0 | E97: 0 | F97: 0 | G97: 0 | H97: 0 | I97: 0 | J97: 0 | K97: 1 | L97: 1 | M97: 0 | N97: 0 | O97: 1 | P97: 0 | Q97: 0 | R97: 0 | S97: 0 | T97: 1 | U97: 0
A98: IMove: getShotResults() | B98: 1 | C98: 0 | D98: 0 | E98: 0 | F98: 0 | G98: 0 | H98: 0 | K98: 0 | L98: 0 | N98: 0 | O98: 1 | P98: 0 | Q98: 0 | R98: 0 | S98: 0 | T98: 1 | U98: 0
A99: IMove: getShots() | B99: 1 | C99: 0 | D99: 0 | E99: 0 | F99: 0 | G99: 0 | H99: 0 | K99: 0 | L99: 0 | N99: 0 | O99: 1 | P99: 0 | Q99: 0 | R99: 0 | S99: 0 | T99: 1 | U99: 0
A100: IMove: processEnemyFire(boolean) | B100: 1 | C100: 0 | D100: 0 | E100: 0 | F100: 0 | G100: 0 | H100: 0 | I100: 0 | J100: 0 | K100: 1 | L100: 1 | M100: 0 | N100: 0 | O100: 1 | P100: 0 | Q100: 0 | R100: 0 | S100: 0 | T100: 1 | U100: 1
A101: IMove: readMove(int, Scanner) | B101: 2 | C101: 1 | D101: 1 | E101: 2 | F101: 0 | G101: 0 | H101: 6.75 | I101: 827.7112 | J101: 0.0294 | K101: 30 | L101: 17 | M101: 122.6239 | N101: 0 | O101: 1 | P101: 10 | Q101: 63.4841 | R101: 1 | S101: 7 | T101: 1 | U101: 2
A102: IMove: toString() | B102: 1 | C102: 0 | D102: 0 | E102: 0 | F102: 0 | G102: 0 | H102: 0 | K102: 0 | L102: 0 | N102: 0 | O102: 1 | P102: 0 | Q102: 0 | R102: 0 | S102: 0 | T102: 1 | U102: 0
A103: IPosition: adjacentPositions() | B103: 1 | C103: 0 | D103: 0 | E103: 0 | F103: 0 | G103: 0 | H103: 0 | K103: 0 | L103: 0 | N103: 0 | O103: 0 | P103: 0 | Q103: 0 | R103: 0 | S103: 0 | T103: 0 | U103: 0
A104: IPosition: equals(Object) | B104: 1 | C104: 0 | D104: 0 | E104: 0 | F104: 0 | G104: 0 | H104: 0 | I104: 0 | J104: 0 | K104: 1 | L104: 1 | M104: 0 | N104: 0 | O104: 0 | P104: 0 | Q104: 0 | R104: 0 | S104: 0 | T104: 0 | U104: 1
A105: IPosition: getClassicColumn() | B105: 1 | C105: 0 | D105: 0 | E105: 0 | F105: 0 | G105: 0 | H105: 0 | I105: 0 | J105: 0 | K105: 1 | L105: 1 | M105: 0 | N105: 0 | O105: 0 | P105: 0 | Q105: 0 | R105: 0 | S105: 0 | T105: 0 | U105: 0
A106: IPosition: getClassicRow() | B106: 1 | C106: 0 | D106: 0 | E106: 0 | F106: 0 | G106: 0 | H106: 0 | I106: 0 | J106: 0 | K106: 1 | L106: 1 | M106: 0 | N106: 0 | O106: 0 | P106: 0 | Q106: 0 | R106: 0 | S106: 0 | T106: 0 | U106: 0
A107: IPosition: getColumn() | B107: 1 | C107: 0 | D107: 0 | E107: 0 | F107: 0 | G107: 0 | H107: 0 | I107: 0 | J107: 0 | K107: 1 | L107: 1 | M107: 0 | N107: 0 | O107: 0 | P107: 0 | Q107: 0 | R107: 0 | S107: 0 | T107: 0 | U107: 0
A108: IPosition: getRow() | B108: 1 | C108: 0 | D108: 0 | E108: 0 | F108: 0 | G108: 0 | H108: 0 | I108: 0 | J108: 0 | K108: 1 | L108: 1 | M108: 0 | N108: 0 | O108: 0 | P108: 0 | Q108: 0 | R108: 0 | S108: 0 | T108: 0 | U108: 0
A109: IPosition: isAdjacentTo(IPosition) | B109: 1 | C109: 0 | D109: 0 | E109: 0 | F109: 0 | G109: 0 | H109: 0 | I109: 0 | J109: 0 | K109: 1 | L109: 1 | M109: 0 | N109: 0 | O109: 0 | P109: 0 | Q109: 0 | R109: 0 | S109: 0 | T109: 0 | U109: 1
A110: IPosition: isHit() | B110: 1 | C110: 0 | D110: 0 | E110: 0 | F110: 0 | G110: 0 | H110: 0 | I110: 0 | J110: 0 | K110: 1 | L110: 1 | M110: 0 | N110: 0 | O110: 0 | P110: 0 | Q110: 0 | R110: 0 | S110: 0 | T110: 0 | U110: 0
A111: IPosition: isInside() | B111: 1 | C111: 0 | D111: 0 | E111: 0 | F111: 0 | G111: 0 | H111: 0 | I111: 0 | J111: 0 | K111: 1 | L111: 1 | M111: 0 | N111: 0 | O111: 0 | P111: 0 | Q111: 0 | R111: 0 | S111: 0 | T111: 0 | U111: 0
A112: IPosition: isOccupied() | B112: 1 | C112: 0 | D112: 0 | E112: 0 | F112: 0 | G112: 0 | H112: 0 | I112: 0 | J112: 0 | K112: 1 | L112: 1 | M112: 0 | N112: 0 | O112: 0 | P112: 0 | Q112: 0 | R112: 0 | S112: 0 | T112: 0 | U112: 0
A113: IPosition: occupy() | B113: 1 | C113: 0 | D113: 0 | E113: 0 | F113: 0 | G113: 0 | H113: 0 | I113: 0 | J113: 0 | K113: 1 | L113: 1 | M113: 0 | N113: 0 | O113: 0 | P113: 0 | Q113: 0 | R113: 0 | S113: 0 | T113: 0 | U113: 0
A114: IPosition: shoot() | B114: 1 | C114: 0 | D114: 0 | E114: 0 | F114: 0 | G114: 0 | H114: 0 | I114: 0 | J114: 0 | K114: 1 | L114: 1 | M114: 0 | N114: 0 | O114: 0 | P114: 0 | Q114: 0 | R114: 0 | S114: 0 | T114: 0 | U114: 0
A115: IShip: getAdjacentPositions() | B115: 1 | C115: 0 | D115: 0 | E115: 0 | F115: 0 | G115: 0 | H115: 0 | K115: 0 | L115: 0 | N115: 0 | O115: 1 | P115: 0 | Q115: 0 | R115: 0 | S115: 0 | T115: 4 | U115: 0
A116: IShip: getBearing() | B116: 1 | C116: 0 | D116: 0 | E116: 0 | F116: 0 | G116: 0 | H116: 0 | K116: 0 | L116: 0 | N116: 0 | O116: 1 | P116: 0 | Q116: 0 | R116: 0 | S116: 0 | T116: 4 | U116: 0
A117: IShip: getBottomMostPos() | B117: 1 | C117: 0 | D117: 0 | E117: 0 | F117: 0 | G117: 0 | H117: 0 | I117: 0 | J117: 0 | K117: 1 | L117: 1 | M117: 0 | N117: 0 | O117: 1 | P117: 0 | Q117: 0 | R117: 0 | S117: 0 | T117: 4 | U117: 0
A118: IShip: getCategory() | B118: 1 | C118: 0 | D118: 0 | E118: 0 | F118: 0 | G118: 0 | H118: 0 | K118: 0 | L118: 0 | N118: 0 | O118: 1 | P118: 0 | Q118: 0 | R118: 0 | S118: 0 | T118: 4 | U118: 0
A119: IShip: getLeftMostPos() | B119: 1 | C119: 0 | D119: 0 | E119: 0 | F119: 0 | G119: 0 | H119: 0 | I119: 0 | J119: 0 | K119: 1 | L119: 1 | M119: 0 | N119: 0 | O119: 1 | P119: 0 | Q119: 0 | R119: 0 | S119: 0 | T119: 4 | U119: 0
A120: IShip: getPosition() | B120: 1 | C120: 0 | D120: 0 | E120: 0 | F120: 0 | G120: 0 | H120: 0 | K120: 0 | L120: 0 | N120: 0 | O120: 1 | P120: 0 | Q120: 0 | R120: 0 | S120: 0 | T120: 4 | U120: 0
A121: IShip: getPositions() | B121: 1 | C121: 0 | D121: 0 | E121: 0 | F121: 0 | G121: 0 | H121: 0 | K121: 0 | L121: 0 | N121: 0 | O121: 1 | P121: 0 | Q121: 0 | R121: 0 | S121: 0 | T121: 4 | U121: 0
A122: IShip: getRightMostPos() | B122: 1 | C122: 0 | D122: 0 | E122: 0 | F122: 0 | G122: 0 | H122: 0 | I122: 0 | J122: 0 | K122: 1 | L122: 1 | M122: 0 | N122: 0 | O122: 1 | P122: 0 | Q122: 0 | R122: 0 | S122: 0 | T122: 4 | U122: 0
A123: IShip: getSize() | B123: 1 | C123: 0 | D123: 0 | E123: 0 | F123: 0 | G123: 0 | H123: 0 | K123: 0 | L123: 0 | N123: 0 | O123: 1 | P123: 0 | Q123: 0 | R123: 0 | S123: 0 | T123: 4 | U123: 0
A124: IShip: getTopMostPos() | B124: 1 | C124: 0 | D124: 0 | E124: 0 | F124: 0 | G124: 0 | H124: 0 | I124: 0 | J124: 0 | K124: 1 | L124: 1 | M124: 0 | N124: 0 | O124: 1 | P124: 0 | Q124: 0 | R124: 0 | S124: 0 | T124: 4 | U124: 0
A125: IShip: occupies(IPosition) | B125: 1 | C125: 0 | D125: 0 | E125: 0 | F125: 0 | G125: 0 | H125: 0 | I125: 0 | J125: 0 | K125: 1 | L125: 1 | M125: 0 | N125: 0 | O125: 1 | P125: 0 | Q125: 0 | R125: 0 | S125: 0 | T125: 4 | U125: 1
A126: IShip: shoot(IPosition) | B126: 1 | C126: 0 | D126: 0 | E126: 0 | F126: 0 | G126: 0 | H126: 0 | I126: 0 | J126: 0 | K126: 1 | L126: 1 | M126: 0 | N126: 0 | O126: 1 | P126: 0 | Q126: 0 | R126: 0 | S126: 0 | T126: 4 | U126: 1
A127: IShip: sink() | B127: 1 | C127: 0 | D127: 0 | E127: 0 | F127: 0 | G127: 0 | H127: 0 | I127: 0 | J127: 0 | K127: 1 | L127: 1 | M127: 0 | N127: 0 | O127: 1 | P127: 0 | Q127: 0 | R127: 0 | S127: 0 | T127: 4 | U127: 0
A128: IShip: stillFloating() | B128: 1 | C128: 0 | D128: 0 | E128: 0 | F128: 0 | G128: 0 | H128: 0 | I128: 0 | J128: 0 | K128: 1 | L128: 1 | M128: 0 | N128: 0 | O128: 1 | P128: 0 | Q128: 0 | R128: 0 | S128: 0 | T128: 4 | U128: 0
A129: IShip: tooCloseTo(IPosition) | B129: 1 | C129: 0 | D129: 0 | E129: 0 | F129: 0 | G129: 0 | H129: 0 | I129: 0 | J129: 0 | K129: 1 | L129: 1 | M129: 0 | N129: 0 | O129: 1 | P129: 0 | Q129: 0 | R129: 0 | S129: 0 | T129: 4 | U129: 1
A130: IShip: tooCloseTo(IShip) | B130: 1 | C130: 0 | D130: 0 | E130: 0 | F130: 0 | G130: 0 | H130: 0 | I130: 0 | J130: 0 | K130: 1 | L130: 1 | M130: 0 | N130: 0 | O130: 1 | P130: 0 | Q130: 0 | R130: 0 | S130: 0 | T130: 4 | U130: 1
A131: Main: main(String[]) | B131: 1 | C131: 0 | D131: 1 | E131: 1 | F131: 0 | G131: 0 | H131: 0 | I131: 0 | J131: 0 | K131: 4 | L131: 4 | M131: 8 | N131: 0 | O131: 0 | P131: 10 | Q131: 71.8626 | R131: 0 | S131: 0 | T131: 0 | U131: 1
A132: Move: Move(int, List<IPosition>, List<ShotResult>) | B132: 1 | C132: 0 | D132: 0 | E132: 0 | F132: 0 | G132: 0 | H132: 1.5 | I132: 52.3038 | J132: 0.0047 | K132: 11 | L132: 9 | M132: 34.8692 | N132: 1 | O132: 0 | P132: 6 | Q132: 72.302 | R132: 0 | S132: 6 | T132: 0 | U132: 3
A133: Move: getNumber() | B133: 1 | C133: 0 | D133: 0 | E133: 0 | F133: 0 | G133: 0 | H133: 2 | I133: 23.2193 | J133: 0.0027 | K133: 5 | L133: 5 | M133: 11.6096 | N133: 1 | O133: 0 | P133: 4 | Q133: 79.5748 | R133: 0 | S133: 1 | T133: 0 | U133: 0
A134: Move: getShotResults() | B134: 1 | C134: 0 | D134: 0 | E134: 0 | F134: 0 | G134: 0 | H134: 1.5 | I134: 12 | J134: 0.0017 | K134: 4 | L134: 4 | M134: 8 | N134: 1 | O134: 0 | P134: 4 | Q134: 80.5432 | R134: 0 | S134: 1 | T134: 0 | U134: 0
A135: Move: getShots() | B135: 1 | C135: 0 | D135: 0 | E135: 0 | F135: 0 | G135: 0 | H135: 1.5 | I135: 12 | J135: 0.0017 | K135: 4 | L135: 4 | M135: 8 | N135: 1 | O135: 0 | P135: 4 | Q135: 80.5432 | R135: 0 | S135: 1 | T135: 0 | U135: 0
... A187: Tasks: readShip(Scanner) | B187: 1 | C187: 0 | D187: 0.8 | E187: 4 | F187: 0 | G187: 0 | H187: 7.8571 | I187: 720.8013 | J187: 0.0268 | K187: 22 | L187: 18 | M187: 91.7384 | N187: 0 | O187: 0 | P187: 14 | Q187: 61.2812 | R187: 0 | S187: 5 | T187: 0 | U187: 1

Sheet IGE-93263-Metrics
A1: /Metrics/Metric/@description | B1: /Metrics/Metric/@name | C1: /Metrics/Metric/@value | D1: /Packages/Package/@name | E1: /Packages/Package/Class/@name | F1: /Packages/Package/Class/#id | G1: /Packages/Package/Class/Class/@name | H1: /Packages/Package/Class/Class/Method/@name | I1: /Packages/Package/Class/Class/Method/#id | J1: /Packages/Package/Class/Class/Method/Metrics/Metric/@description | K1: /Packages/Package/Class/Class/Method/Metrics/Metric/@name | L1: /Packages/Package/Class/Class/Method/Metrics/Metric/@value | M1: /Packages/Package/Class/Class/Metrics/Metric/@description | N1: /Packages/Package/Class/Class/Metrics/Metric/@name | O1: /Packages/Package/Class/Class/Metrics/Metric/@value | P1: /Packages/Package/Class/Method/@name | Q1: /Packages/Package/Class/Method/#id | R1: /Packages/Package/Class/Method/Metrics/Metric/@description | S1: /Packages/Package/Class/Method/Metrics/Metric/@name | T1: /Packages/Package/Class/Method/Metrics/Metric/@value | U1: /Packages/Package/Class/Metrics/Metric/@description | V1: /Packages/Package/Class/Metrics/Metric/@name | W1: /Packages/Package/Class/Metrics/Metric/@value | X1: /Packages/Package/Metrics/Metric/@description | Y1: /Packages/Package/Metrics/Metric/@name | Z1: /Packages/Package/Metrics/Metric/@value
A2: Attribute Hiding Factor | B2: AHF | C2: 0
A3: Attribute Inheritance Factor | B3: AIF | C3: 0.0897
A4: Coupling Factor | B4: CF | C4: 0.7333
A5: Effectiveness | B5: Effectiveness | C5: 1.5585
A6: Extendibility | B6: Extendibility | C6: 2.2156
A7: Flexibility | B7: Flexibility | C7: 3.6461
A8: Functionality | B8: Functionality | C8: 2.0227
A9: Halstead Difficulty | B9: PRHD | C9: 1025.5611
A10: Halstead Effort | B10: PRCHEF | C10: 4434629.9
A11: Halstead Errors | B11: PRCHER | C11: 16.0967
A12: Halstead Length | B12: PRCHL | C12: 4574
A13: Halstead Vocabulary | B13: PRCHVC | C13: 1231
... A30: Understandability | B30: Understandability | C30: -2.3693
D31: battleship | E31: Barge | F31: 1 | P31: Barge(Compass, IPosition) | Q31: 1 | R31: Cognitive Complexity | S31: CCM | T31: 0
D32: battleship | E32: Barge | F32: 1 | P32: Barge(Compass, IPosition) | Q32: 1 | R32: Condition Nesting Depth | S32: CND | T32: 0
D33: battleship | E33: Barge | F33: 1 | P33: Barge(Compass, IPosition) | Q33: 1 | R33: Coupling Dispersion | S33: CDISP | T33: 0.6
D34: battleship | E34: Barge | F34: 1 | P34: Barge(Compass, IPosition) | Q34: 1 | R34: Coupling Intensity | S34: CINT | T34: 5
D35: battleship | E35: Barge | F35: 1 | P35: Barge(Compass, IPosition) | Q35: 1 | R35: Foreign Data Providers | S35: FDP | T35: 0
D36: battleship | E36: Barge | F36: 1 | P36: Barge(Compass, IPosition) | Q36: 1 | R36: Halstead Difficulty | S36: HD | T36: 6
D37: battleship | E37: Barge | F37: 1 | P37: Barge(Compass, IPosition) | Q37: 1 | R37: Halstead Effort | S37: HEF | T37: 301.1369
D38: battleship | E38: Barge | F38: 1 | P38: Barge(Compass, IPosition) | Q38: 1 | R38: Halstead Errors | S38: HER | T38: 0.015
D39: battleship | E39: Barge | F39: 1 | P39: Barge(Compass, IPosition) | Q39: 1 | R39: Halstead Length | S39: HL | T39: 14
D40: battleship | E40: Barge | F40: 1 | P40: Barge(Compass, IPosition) | Q40: 1 | R40: Halstead Vocabulary | S40: HVC | T40: 12
D41: battleship | E41: Barge | F41: 1 | P41: Barge(Compass, IPosition) | Q41: 1 | R41: Halstead Volume | S41: HVL | T41: 50.1895
D42: battleship | E42: Barge | F42: 1 | P42: Barge(Compass, IPosition) | Q42: 1 | R42: Lines Of Code | S42: LOC | T42: 11
... D50: battleship | E50: Barge | F50: 1 | P50: Barge(Compass, IPosition) | Q50: 1 | R50: Number Of Parameters | S50: NOPM | T50: 2
D51: battleship | E51: Barge | F51: 1 | U51: Access To Foreign Data | V51: ATFD | W51: 1
D52: battleship | E52: Barge | F52: 1 | U52: Cognitive Complexity | V52: CCC | W52: 0
D53: battleship | E53: Barge | F53: 1 | U53: Coupling Between Objects | V53: CBO | W53: 5
D54: battleship | E54: Barge | F54: 1 | U54: Data Abstraction Coupling | V54: DAC | W54: 0
D55: battleship | E55: Barge | F55: 1 | U55: Depth Of Inheritance Tree | V55: DIT | W55: 2
D56: battleship | E56: Barge | F56: 1 | U56: Halstead Difficulty | V56: CHD | W56: 7.5
D57: battleship | E57: Barge | F57: 1 | U57: Halstead Effort | V57: CHEF | W57: 485.4378
D58: battleship | E58: Barge | F58: 1 | U58: Halstead Errors | V58: CHER | W58: 0.0206
D59: battleship | E59: Barge | F59: 1 | U59: Halstead Length | V59: CHL | W59: 17
D60: battleship | E60: Barge | F60: 1 | U60: Halstead Vocabulary | V60: CHVC | W60: 14
D61: battleship | E61: Barge | F61: 1 | U61: Halstead Volume | V61: CHVL | W61: 64.725
D62: battleship | E62: Barge | F62: 1 | U62: Lack Of Cohesion Of Methods | V62: LCOM | W62: 0
... D79: battleship | E79: Barge | F79: 1 | U79: Weighted Methods Per Class | V79: WMC | W79: 1
D80: battleship | E80: BoardWindow | F80: 2 | P80: close() | Q80: 2 | R80: Cognitive Complexity | S80: CCM | T80: 1
D81: battleship | E81: BoardWindow | F81: 2 | P81: close() | Q81: 2 | R81: Condition Nesting Depth | S81: CND | T81: 1
D82: battleship | E82: BoardWindow | F82: 2 | P82: close() | Q82: 2 | R82: Coupling Dispersion | S82: CDISP | T82: 1
D83: battleship | E83: BoardWindow | F83: 2 | P83: close() | Q83: 2 | R83: Coupling Intensity | S83: CINT | T83: 1
D84: battleship | E84: BoardWindow | F84: 2 | P84: close() | Q84: 2 | R84: Foreign Data Providers | S84: FDP | T84: 0
D85: battleship | E85: BoardWindow | F85: 2 | P85: close() | Q85: 2 | R85: Halstead Difficulty | S85: HD | T85: 7.5
D86: battleship | E86: BoardWindow | F86: 2 | P86: close() | Q86: 2 | R86: Halstead Effort | S86: HEF | T86: 247.5
D87: battleship | E87: BoardWindow | F87: 2 | P87: close() | Q87: 2 | R87: Halstead Errors | S87: HER | T87: 0.0131
D88: battleship | E88: BoardWindow | F88: 2 | P88: close() | Q88: 2 | R88: Halstead Length | S88: HL | T88: 11
D89: battleship | E89: BoardWindow | F89: 2 | P89: close() | Q89: 2 | R89: Halstead Vocabulary | S89: HVC | T89: 8
D90: battleship | E90: BoardWindow | F90: 2 | P90: close() | Q90: 2 | R90: Halstead Volume | S90: HVL | T90: 33
D91: battleship | E91: BoardWindow | F91: 2 | P91: close() | Q91: 2 | R91: Lines Of Code | S91: LOC | T91: 6
... D139: battleship | E139: BoardWindow | F139: 2 | P139: show(char[][], char[][], List<IPosition>, List<IPosition>) | Q139: 4 | R139: Number Of Parameters | S139: NOPM | T139: 4
D140: battleship | E140: BoardWindow | F140: 2 | U140: Access To Foreign Data | V140: ATFD | W140: 7
D141: battleship | E141: BoardWindow | F141: 2 | U141: Cognitive Complexity | V141: CCC | W141: 12
D142: battleship | E142: BoardWindow | F142: 2 | U142: Coupling Between Objects | V142: CBO | W142: 18
D143: battleship | E143: BoardWindow | F143: 2 | U143: Data Abstraction Coupling | V143: DAC | W143: 2
D144: battleship | E144: BoardWindow | F144: 2 | U144: Depth Of Inheritance Tree | V144: DIT | W144: 1
D145: battleship | E145: BoardWindow | F145: 2 | U145: Halstead Difficulty | V145: CHD | W145: 43.9286
D146: battleship | E146: BoardWindow | F146: 2 | U146: Halstead Effort | V146: CHEF | W146: 64796.031
D147: battleship | E147: BoardWindow | F147: 2 | U147: Halstead Errors | V147: CHER | W147: 0.5377
D148: battleship | E148: BoardWindow | F148: 2 | U148: Halstead Length | V148: CHL | W148: 224
D149: battleship | E149: BoardWindow | F149: 2 | U149: Halstead Vocabulary | V149: CHVC | W149: 96
D150: battleship | E150: BoardWindow | F150: 2 | U150: Halstead Volume | V150: CHVL | W150: 1475.0316
D151: battleship | E151: BoardWindow | F151: 2 | U151: Lack Of Cohesion Of Methods | V151: LCOM | W151: 0
... D168: battleship | E168: BoardWindow | F168: 2 | U168: Weighted Methods Per Class | V168: WMC | W168: 14
D169: battleship | E169: Caravel | F169: 3 | P169: Caravel(Compass, IPosition) | Q169: 5 | R169: Cognitive Complexity | S169: CCM | T169: 5
D170: battleship | E170: Caravel | F170: 3 | P170: Caravel(Compass, IPosition) | Q170: 5 | R170: Condition Nesting Depth | S170: CND | T170: 0
D171: battleship | E171: Caravel | F171: 3 | P171: Caravel(Compass, IPosition) | Q171: 5 | R171: Coupling Dispersion | S171: CDISP | T171: 0.5
D172: battleship | E172: Caravel | F172: 3 | P172: Caravel(Compass, IPosition) | Q172: 5 | R172: Coupling Intensity | S172: CINT | T172: 6
D173: battleship | E173: Caravel | F173: 3 | P173: Caravel(Compass, IPosition) | Q173: 5 | R173: Foreign Data Providers | S173: FDP | T173: 1
D174: battleship | E174: Caravel | F174: 3 | P174: Caravel(Compass, IPosition) | Q174: 5 | R174: Halstead Difficulty | S174: HD | T174: 27
D175: battleship | E175: Caravel | F175: 3 | P175: Caravel(Compass, IPosition) | Q175: 5 | R175: Halstead Effort | S175: HEF | T175: 12198.39
D176: battleship | E176: Caravel | F176: 3 | P176: Caravel(Compass, IPosition) | Q176: 5 | R176: Halstead Errors | S176: HER | T176: 0.1766
D177: battleship | E177: Caravel | F177: 3 | P177: Caravel(Compass, IPosition) | Q177: 5 | R177: Halstead Length | S177: HL | T177: 93
D178: battleship | E178: Caravel | F178: 3 | P178: Caravel(Compass, IPosition) | Q178: 5 | R178: Halstead Vocabulary | S178: HVC | T178: 29
D179: battleship | E179: Caravel | F179: 3 | P179: Caravel(Compass, IPosition) | Q179: 5 | R179: Halstead Volume | S179: HVL | T179: 451.7922
D180: battleship | E180: Caravel | F180: 3 | P180: Caravel(Compass, IPosition) | Q180: 5 | R180: Lines Of Code | S180: LOC | T180: 27
... D188: battleship | E188: Caravel | F188: 3 | P188: Caravel(Compass, IPosition) | Q188: 5 | R188: Number Of Parameters | S188: NOPM | T188: 2
D189: battleship | E189: Caravel | F189: 3 | U189: Access To Foreign Data | V189: ATFD | W189: 1
D190: battleship | E190: Caravel | F190: 3 | U190: Cognitive Complexity | V190: CCC | W190: 5
D191: battleship | E191: Caravel | F191: 3 | U191: Coupling Between Objects | V191: CBO | W191: 5
D192: battleship | E192: Caravel | F192: 3 | U192: Data Abstraction Coupling | V192: DAC | W192: 0
D193: battleship | E193: Caravel | F193: 3 | U193: Depth Of Inheritance Tree | V193: DIT | W193: 2
D194: battleship | E194: Caravel | F194: 3 | U194: Halstead Difficulty | V194: CHD | W194: 30
D195: battleship | E195: Caravel | F195: 3 | U195: Halstead Effort | V195: CHEF | W195: 14268.085
D196: battleship | E196: Caravel | F196: 3 | U196: Halstead Errors | V196: CHER | W196: 0.1961
D197: battleship | E197: Caravel | F197: 3 | U197: Halstead Length | V197: CHL | W197: 96
D198: battleship | E198: Caravel | F198: 3 | U198: Halstead Vocabulary | V198: CHVC | W198: 31
D199: battleship | E199: Caravel | F199: 3 | U199: Halstead Volume | V199: CHVL | W199: 475.6028
D200: battleship | E200: Caravel | F200: 3 | U200: Lack Of Cohesion Of Methods | V200: LCOM | W200: 0
... D217: battleship | E217: Caravel | F217: 3 | U217: Weighted Methods Per Class | V217: WMC | W217: 9
D218: battleship | E218: Carrack | F218: 4 | P218: Carrack(Compass, IPosition) | Q218: 6 | R218: Cognitive Complexity | S218: CCM | T218: 5
D219: battleship | E219: Carrack | F219: 4 | P219: Carrack(Compass, IPosition) | Q219: 6 | R219: Condition Nesting Depth | S219: CND | T219: 0
D220: battleship | E220: Carrack | F220: 4 | P220: Carrack(Compass, IPosition) | Q220: 6 | R220: Coupling Dispersion | S220: CDISP | T220: 0.5
D221: battleship | E221: Carrack | F221: 4 | P221: Carrack(Compass, IPosition) | Q221: 6 | R221: Coupling Intensity | S221: CINT | T221: 6
D222: battleship | E222: Carrack | F222: 4 | P222: Carrack(Compass, IPosition) | Q222: 6 | R222: Foreign Data Providers | S222: FDP | T222: 1
D223: battleship | E223: Carrack | F223: 4 | P223: Carrack(Compass, IPosition) | Q223: 6 | R223: Halstead Difficulty | S223: HD | T223: 27
D224: battleship | E224: Carrack | F224: 4 | P224: Carrack(Compass, IPosition) | Q224: 6 | R224: Halstead Effort | S224: HEF | T224: 12198.39
D225: battleship | E225: Carrack | F225: 4 | P225: Carrack(Compass, IPosition) | Q225: 6 | R225: Halstead Errors | S225: HER | T225: 0.1766
...

Sheet System
A1: /Metrics/Metric/@description | B1: /Metrics/Metric/@name | C1: /Metrics/Metric/@value
A2: Attribute Hiding Factor | B2: AHF | C2: 0
A3: Attribute Inheritance Factor | B3: AIF | C3: 0.0897
A4: Coupling Factor | B4: CF | C4: 0.7333
A5: Effectiveness | B5: Effectiveness | C5: 1.5585
A6: Extendibility | B6: Extendibility | C6: 2.2156
A7: Flexibility | B7: Flexibility | C7: 3.6461
A8: Functionality | B8: Functionality | C8: 2.0227
A9: Halstead Difficulty | B9: PRHD | C9: 1025.5611
A10: Halstead Effort | B10: PRCHEF | C10: 4434629.9
A11: Halstead Errors | B11: PRCHER | C11: 16.0967
A12: Halstead Length | B12: PRCHL | C12: 4574
A13: Halstead Vocabulary | B13: PRCHVC | C13: 1231
... A30: Understandability | B30: Understandability | C30: -2.3693

Sheet Package
A1: /Packages/Package/@name | B1: /Packages/Package/Class/@name | C1: /Packages/Package/Class/#id | D1: /Packages/Package/Class/Class/@name
A31: battleship | B31: Barge | C31: 1
A32: battleship | B32: Barge | C32: 1
A33: battleship | B33: Barge | C33: 1
A34: battleship | B34: Barge | C34: 1
A35: battleship | B35: Barge | C35: 1
A36: battleship | B36: Barge | C36: 1
A37: battleship | B37: Barge | C37: 1
A38: battleship | B38: Barge | C38: 1
A39: battleship | B39: Barge | C39: 1
A40: battleship | B40: Barge | C40: 1
A41: battleship | B41: Barge | C41: 1
A42: battleship | B42: Barge | C42: 1
... A1929: battleship | B1929: IFleet | C1929: 11
A1930: battleship | B1930: IGame | C1930: 12 | D1930: ShotResult
A1931: battleship | B1931: IGame | C1931: 12 | D1931: ShotResult
A1932: battleship | B1932: IGame | C1932: 12 | D1932: ShotResult
A1933: battleship | B1933: IGame | C1933: 12 | D1933: ShotResult
A1934: battleship | B1934: IGame | C1934: 12 | D1934: ShotResult
A1935: battleship | B1935: IGame | C1935: 12 | D1935: ShotResult
A1936: battleship | B1936: IGame | C1936: 12 | D1936: ShotResult
A1937: battleship | B1937: IGame | C1937: 12 | D1937: ShotResult
A1938: battleship | B1938: IGame | C1938: 12 | D1938: ShotResult
A1939: battleship | B1939: IGame | C1939: 12 | D1939: ShotResult
A1940: battleship | B1940: IGame | C1940: 12 | D1940: ShotResult
A1941: battleship | B1941: IGame | C1941: 12 | D1941: ShotResult
... A2058: battleship | B2058: IGame | C2058: 12 | D2058: ShotResult
A2059: battleship | B2059: IGame | C2059: 12
A2060: battleship | B2060: IGame | C2060: 12
A2061: battleship | B2061: IGame | C2061: 12
A2062: battleship | B2062: IGame | C2062: 12
A2063: battleship | B2063: IGame | C2063: 12
A2064: battleship | B2064: IGame | C2064: 12
A2065: battleship | B2065: IGame | C2065: 12
A2066: battleship | B2066: IGame | C2066: 12
A2067: battleship | B2067: IGame | C2067: 12
A2068: battleship | B2068: IGame | C2068: 12
A2069: battleship | B2069: IGame | C2069: 12
A2070: battleship | B2070: IGame | C2070: 12
... A3372: battleship | B3372: Move | C3372: 17
A3373: battleship | B3373: PdfExporter | C3373: 18 | D3373: PdfState
A3374: battleship | B3374: PdfExporter | C3374: 18 | D3374: PdfState
A3375: battleship | B3375: PdfExporter | C3375: 18 | D3375: PdfState
A3376: battleship | B3376: PdfExporter | C3376: 18 | D3376: PdfState
A3377: battleship | B3377: PdfExporter | C3377: 18 | D3377: PdfState
A3378: battleship | B3378: PdfExporter | C3378: 18 | D3378: PdfState
A3379: battleship | B3379: PdfExporter | C3379: 18 | D3379: PdfState
A3380: battleship | B3380: PdfExporter | C3380: 18 | D3380: PdfState
A3381: battleship | B3381: PdfExporter | C3381: 18 | D3381: PdfState
A3382: battleship | B3382: PdfExporter | C3382: 18 | D3382: PdfState
A3383: battleship | B3383: PdfExporter | C3383: 18 | D3383: PdfState
A3384: battleship | B3384: PdfExporter | C3384: 18 | D3384: PdfState
... A3421: battleship | B3421: PdfExporter | C3421: 18 | D3421: PdfState
A3422: battleship | B3422: PdfExporter | C3422: 18
A3423: battleship | B3423: PdfExporter | C3423: 18
A3424: battleship | B3424: PdfExporter | C3424: 18
A3425: battleship | B3425: PdfExporter | C3425: 18
A3426: battleship | B3426: PdfExporter | C3426: 18
A3427: battleship | B3427: PdfExporter | C3427: 18
A3428: battleship | B3428: PdfExporter | C3428: 18
A3429: battleship | B3429: PdfExporter | C3429: 18
A3430: battleship | B3430: PdfExporter | C3430: 18
A3431: battleship | B3431: PdfExporter | C3431: 18
A3432: battleship | B3432: PdfExporter | C3432: 18
A3433: battleship | B3433: PdfExporter | C3433: 18
... A4566: battleship | B4566: Tasks | C4566: 22
A4567: battleship
A4568: battleship
A4569: battleship
A4570: battleship
A4571: battleship
A4572: battleship
A4573: battleship
A4574: battleship
A4575: battleship
A4576: battleship
A4577: battleship
A4578: battleship
... A4588: battleship

Sheet Class
A1: /Packages/Package/Class/Class/Method/@name | B1: /Packages/Package/Class/Class/Method/#id | C1: /Packages/Package/Class/Class/Method/Metrics/Metric/@description | D1: /Packages/Package/Class/Class/Method/Metrics/Metric/@name
A1930: ShotResult(boolean, boolean, IShip, boolean) | B1930: 1 | C1930: Cognitive Complexity | D1930: CCM
A1931: ShotResult(boolean, boolean, IShip, boolean) | B1931: 1 | C1931: Condition Nesting Depth | D1931: CND
A1932: ShotResult(boolean, boolean, IShip, boolean) | B1932: 1 | C1932: Coupling Dispersion | D1932: CDISP
A1933: ShotResult(boolean, boolean, IShip, boolean) | B1933: 1 | C1933: Coupling Intensity | D1933: CINT
A1934: ShotResult(boolean, boolean, IShip, boolean) | B1934: 1 | C1934: Foreign Data Providers | D1934: FDP
A1935: ShotResult(boolean, boolean, IShip, boolean) | B1935: 1 | C1935: Halstead Difficulty | D1935: HD
A1936: ShotResult(boolean, boolean, IShip, boolean) | B1936: 1 | C1936: Halstead Effort | D1936: HEF
A1937: ShotResult(boolean, boolean, IShip, boolean) | B1937: 1 | C1937: Halstead Errors | D1937: HER
A1938: ShotResult(boolean, boolean, IShip, boolean) | B1938: 1 | C1938: Halstead Length | D1938: HL
A1939: ShotResult(boolean, boolean, IShip, boolean) | B1939: 1 | C1939: Halstead Vocabulary | D1939: HVC
A1940: ShotResult(boolean, boolean, IShip, boolean) | B1940: 1 | C1940: Halstead Volume | D1940: HVL
A1941: ShotResult(boolean, boolean, IShip, boolean) | B1941: 1 | C1941: Lines Of Code | D1941: LOC
... A3392: PdfState(PDPage, PDPageContentStream, float) | B3392: 6 | C3392: Number Of Parameters | D3392: NOPM

Sheet Method
A1: /Packages/Package/Class/Class/Method/Metrics/Metric/@value | B1: /Packages/Package/Class/Class/Metrics/Metric/@description | C1: /Packages/Package/Class/Class/Metrics/Metric/@name | D1: /Packages/Package/Class/Class/Metrics/Metric/@value | E1: /Packages/Package/Class/Method/@name | F1: /Packages/Package/Class/Method/#id | G1: /Packages/Package/Class/Method/Metrics/Metric/@description | H1: /Packages/Package/Class/Method/Metrics/Metric/@name | I1: /Packages/Package/Class/Method/Metrics/Metric/@value | J1: /Packages/Package/Class/Metrics/Metric/@description | K1: /Packages/Package/Class/Metrics/Metric/@name | L1: /Packages/Package/Class/Metrics/Metric/@value | M1: /Packages/Package/Metrics/Metric/@description | N1: /Packages/Package/Metrics/Metric/@name | O1: /Packages/Package/Metrics/Metric/@value
E2: processEnemyFire(boolean) | F2: 135 | G2: Lines Of Code | H2: LOC | I2: 132
E3: menu() | F3: 182 | G3: Lines Of Code | H3: LOC | I3: 122
E4: printBoard(IFleet, List<IMove>, boolean, boolean) | F4: 54 | G4: McCabe Cyclomatic Complexity | H4: 0 | I4: 20
E5: printMoveSection(PDDocument, PdfState, String, List<IMove>) | F5: 139 | G5: Lines Of Code | H5: LOC | I5: 71
E6: printBoard(IFleet, List<IMove>, boolean, boolean) | F6: 54 | G6: Lines Of Code | H6: LOC | I6: 70
E7: readEnemyFire(Scanner) | F7: 60 | G7: Lines Of Code | H7: LOC | I7: 52
E8: readAlienFire(Scanner) | F8: 59 | G8: Lines Of Code | H8: LOC | I8: 50
E9: randomEnemyFire() | F9: 57 | G9: Lines Of Code | H9: LOC | I9: 46
E10: displayScoreboard(int) | F10: 157 | G10: Lines Of Code | H10: LOC | I10: 44
E11: createBoardPanel(char[][], List<IPosition>) | F11: 3 | G11: Lines Of Code | H11: LOC | I11: 43
E12: buildMap(IFleet, List<IMove>, boolean, boolean) | F12: 36 | G12: Lines Of Code | H12: LOC | I12: 43
E13: randomPlayerFire() | F13: 58 | G13: Lines Of Code | H13: LOC | I13: 42
E14: processEnemyFire(boolean) | F14: 135 | G14: McCabe Cyclomatic Complexity | H14: CC | I14: 38
E15: jsonShots(List<IPosition>) | F15: 50 | G15: Lines Of Code | H15: LOC | I15: 38
E16: buildShip(String, Compass, Position) | F16: 162 | G16: Lines Of Code | H16: LOC | I16: 36
... E1314: toString() | F1314: 11 | G1314: Halstead Effort | H1314: HEF | I1314: 17.4145
E1315: valueOf(String) | F1315: 12 | G1315: Halstead Effort | H1315: HEF | I1315: NaN
E1316: values() | F1316: 13 | G1316: Halstead Effort | H1316: HEF | I1316: NaN
E1317: Fleet() | F1317: 14 | G1317: Halstead Effort | H1317: HEF | I1317: 4.7549
E1318: addShip(IShip) | F1318: 15 | G1318: Halstead Effort | H1318: HEF | I1318: 1092.3242
E1319: colisionRisk(IShip) | F1319: 16 | G1319: Halstead Effort | H1319: HEF | I1319: 1103.6352
E1320: createRandom() | F1320: 17 | G1320: Halstead Effort | H1320: HEF | I1320: 2597.3573
E1321: getFloatingShips() | F1321: 18 | G1321: Halstead Effort | H1321: HEF | I1321: 232.535
E1322: getShips() | F1322: 19 | G1322: Halstead Effort | H1322: HEF | I1322: 4.7549
E1323: getShipsLike(String) | F1323: 20 | G1323: Halstead Effort | H1323: HEF | I1323: 562.5922
E1324: getSunkShips() | F1324: 21 | G1324: Halstead Effort | H1324: HEF | I1324: 299.8174
E1325: isInsideBoard(IShip) | F1325: 22 | G1325: Halstead Effort | H1325: HEF | I1325: 1589.2056
E1326: printAllShips() | F1326: 23 | G1326: Halstead Effort | H1326: HEF | I1326: 4.7549
E1327: printFloatingShips() | F1327: 24 | G1327: Halstead Effort | H1327: HEF | I1327: 0
E1328: printShips(List<IShip>) | F1328: 25 | G1328: Halstead Effort | H1328: HEF | I1328: 137.0295
... E1376: addShip(IShip) | F1376: 73 | G1376: Halstead Effort | H1376: HEF | I1376: 0
E1377: getFloatingShips() | F1377: 74 | G1377: Halstead Effort | H1377: HEF | I1377: NaN
E1378: getShips() | F1378: 75 | G1378: Halstead Effort | H1378: HEF | I1378: NaN
E1379: getShipsLike(String) | F1379: 76 | G1379: Halstead Effort | H1379: HEF | I1379: NaN
E1380: getSunkShips() | F1380: 77 | G1380: Halstead Effort | H1380: HEF | I1380: NaN
E1381: printStatus() | F1381: 78 | G1381: Halstead Effort | H1381: HEF | I1381: 0
E1382: shipAt(IPosition) | F1382: 79 | G1382: Halstead Effort | H1382: HEF | I1382: NaN
E1383: fireShots(List<IPosition>) | F1383: 80 | G1383: Halstead Effort | H1383: HEF | I1383: 0
E1384: fireSingleShot(IPosition, boolean) | F1384: 81 | G1384: Halstead Effort | H1384: HEF | I1384: 0
E1385: getAlienFleet() | F1385: 82 | G1385: Halstead Effort | H1385: HEF | I1385: NaN
E1386: getAlienMoves() | F1386: 83 | G1386: Halstead Effort | H1386: HEF | I1386: NaN
E1387: getHits() | F1387: 84 | G1387: Halstead Effort | H1387: HEF | I1387: 0
E1388: getInvalidShots() | F1388: 85 | G1388: Halstead Effort | H1388: HEF | I1388: 0
E1389: getMyFleet() | F1389: 86 | G1389: Halstead Effort | H1389: HEF | I1389: NaN
E1390: getMyMoves() | F1390: 87 | G1390: Halstead Effort | H1390: HEF | I1390: NaN
E1391: getRemainingShips() | F1391: 88 | G1391: Halstead Effort | H1391: HEF | I1391: 0
E1392: getRepeatedShots() | F1392: 89 | G1392: Halstead Effort | H1392: HEF | I1392: 0
E1393: getSunkShips() | F1393: 90 | G1393: Halstead Effort | H1393: HEF | I1393: 0
E1394: over() | F1394: 91 | G1394: Halstead Effort | H1394: HEF | I1394: 0
E1395: printAlienBoard(boolean, boolean) | F1395: 92 | G1395: Halstead Effort | H1395: HEF | I1395: 0
E1396: printMyBoard(boolean, boolean) | F1396: 93 | G1396: Halstead Effort | H1396: HEF | I1396: 0
E1397: randomEnemyFire() | F1397: 94 | G1397: Halstead Effort | H1397: HEF | I1397: NaN
E1398: readEnemyFire(Scanner) | F1398: 95 | G1398: Halstead Effort | H1398: HEF | I1398: NaN
E1399: getNumber() | F1399: 96 | G1399: Halstead Effort | H1399: HEF | I1399: 0
E1400: getShotResults() | F1400: 97 | G1400: Halstead Effort | H1400: HEF | I1400: NaN
E1401: getShots() | F1401: 98 | G1401: Halstead Effort | H1401: HEF | I1401: NaN
E1402: processEnemyFire(boolean) | F1402: 99 | G1402: Halstead Effort | H1402: HEF | I1402: 0
E1403: readMove(int, Scanner) | F1403: 100 | G1403: Halstead Effort | H1403: HEF | I1403: 827.7112
E1404: toString() | F1404: 101 | G1404: Halstead Effort | H1404: HEF | I1404: NaN
E1405: adjacentPositions() | F1405: 102 | G1405: Halstead Effort | H1405: HEF | I1405: NaN
E1406: equals(Object) | F1406: 103 | G1406: Halstead Effort | H1406: HEF | I1406: 0
E1407: getClassicColumn() | F1407: 104 | G1407: Halstead Effort | H1407: HEF | I1407: 0
E1408: getClassicRow() | F1408: 105 | G1408: Halstead Effort | H1408: HEF | I1408: 0
E1409: getColumn() | F1409: 106 | G1409: Halstead Effort | H1409: HEF | I1409: 0
E1410: getRow() | F1410: 107 | G1410: Halstead Effort | H1410: HEF | I1410: 0
E1411: isAdjacentTo(IPosition) | F1411: 108 | G1411: Halstead Effort | H1411: HEF | I1411: 0
E1412: isHit() | F1412: 109 | G1412: Halstead Effort | H1412: HEF | I1412: 0
E1413: isInside() | F1413: 110 | G1413: Halstead Effort | H1413: HEF | I1413: 0
E1414: isOccupied() | F1414: 111 | G1414: Halstead Effort | H1414: HEF | I1414: 0
E1415: occupy() | F1415: 112 | G1415: Halstead Effort | H1415: HEF | I1415: 0
E1416: shoot() | F1416: 113 | G1416: Halstead Effort | H1416: HEF | I1416: 0
E1417: getAdjacentPositions() | F1417: 114 | G1417: Halstead Effort | H1417: HEF | I1417: NaN
E1418: getBearing() | F1418: 115 | G1418: Halstead Effort | H1418: HEF | I1418: NaN
E1419: getBottomMostPos() | F1419: 116 | G1419: Halstead Effort | H1419: HEF | I1419: 0
E1420: getCategory() | F1420: 117 | G1420: Halstead Effort | H1420: HEF | I1420: NaN
E1421: getLeftMostPos() | F1421: 118 | G1421: Halstead Effort | H1421: HEF | I1421: 0
E1422: getPosition() | F1422: 119 | G1422: Halstead Effort | H1422: HEF | I1422: NaN
E1423: getPositions() | F1423: 120 | G1423: Halstead Effort | H1423: HEF | I1423: NaN
E1424: getRightMostPos() | F1424: 121 | G1424: Halstead Effort | H1424: HEF | I1424: 0
E1425: getSize() | F1425: 122 | G1425: Halstead Effort | H1425: HEF | I1425: NaN
E1426: getTopMostPos() | F1426: 123 | G1426: Halstead Effort | H1426: HEF | I1426: 0
E1427: occupies(IPosition) | F1427: 124 | G1427: Halstead Effort | H1427: HEF | I1427: 0
E1428: shoot(IPosition) | F1428: 125 | G1428: Halstead Effort | H1428: HEF | I1428: 0
E1429: sink() | F1429: 126 | G1429: Halstead Effort | H1429: HEF | I1429: 0
E1430: stillFloating() | F1430: 127 | G1430: Halstead Effort | H1430: HEF | I1430: 0
E1431: tooCloseTo(IPosition) | F1431: 128 | G1431: Halstead Effort | H1431: HEF | I1431: 0
E1432: tooCloseTo(IShip) | F1432: 129 | G1432: Halstead Effort | H1432: HEF | I1432: 0
E1433: main(String[]) | F1433: 130 | G1433: Halstead Effort | H1433: HEF | I1433: 0
E1434: Move(int, List<IPosition>, List<ShotResult>) | F1434: 131 | G1434: Halstead Effort | H1434: HEF | I1434: 52.3038
E1435: getNumber() | F1435: 132 | G1435: Halstead Effort | H1435: HEF | I1435: 23.2193
E1436: getShotResults() | F1436: 133 | G1436: Halstead Effort | H1436: HEF | I1436: 12
E1437: getShots() | F1437: 134 | G1437: Halstead Effort | H1437: HEF | I1437: 12
... E1500: toString() | F1500: 11 | G1500: Halstead Errors | H1500: HER | I1500: 0.0022
E1501: valueOf(String) | F1501: 12 | G1501: Halstead Errors | H1501: HER | I1501: NaN
E1502: values() | F1502: 13 | G1502: Halstead Errors | H1502: HER | I1502: NaN
E1503: Fleet() | F1503: 14 | G1503: Halstead Errors | H1503: HER | I1503: 0.0009
E1504: addShip(IShip) | F1504: 15 | G1504: Halstead Errors | H1504: HER | I1504: 0.0354
E1505: colisionRisk(IShip) | F1505: 16 | G1505: Halstead Errors | H1505: HER | I1505: 0.0356
E1506: createRandom() | F1506: 17 | G1506: Halstead Errors | H1506: HER | I1506: 0.063
...

Sheet Graficos

Sheet Todas Métricas Norm
A1: Dados (referência MethodData) | W1: Normalização [0, 1]
A2: MIN | B2: =MIN(B5:B190) -> 0 | C2: =MIN(C5:C190) -> 0 | D2: =MIN(D5:D190) -> 0 | E2: =MIN(E5:E190) -> 0 | F2: =MIN(F5:F190) -> 0 | G2: =MIN(G5:G190) -> 0 | H2: =MIN(H5:H190) -> 0 | I2: =MIN(I5:I190) -> 0 | ... U2: =MIN(U5:U190) -> 0
A3: MAX | B3: =MAX(B5:B190) -> 38 | C3: =MAX(C5:C190) -> 40 | D3: =MAX(D5:D190) -> 1 | E3: =MAX(E5:E190) -> 29 | F3: =MAX(F5:F190) -> 4 | G3: =MAX(G5:G190) -> 5 | H3: =MAX(H5:H190) -> 100.1 | I3: =MAX(I5:I190) -> 190025.49 | ... U3: =MAX(U5:U190) -> 4
A4: Classe.Método | B4: CC | C4: CCM | D4: CDISP | E4: CINT | F4: CND | G4: FDP | H4: HD | I4: HEF | J4: HER | K4: HL | L4: HVC | M4: HVL | N4: LAA | O4: LND | P4: LOC | Q4: MMI | R4: MND | S4: NOAV | T4: NOL | U4: NOPM | W4: CC norm | X4: CCM norm | Y4: CDISP norm | Z4: CINT norm | AA4: CND norm | AB4: FDP norm | AC4: HD norm | AD4: HEF norm | AE4: HER norm | AF4: HL norm | AG4: HVC norm | AH4: HVL norm | AI4: LAA norm | AJ4: LND norm | AK4: LOC norm | AL4: MMI norm | AM4: MND norm | AN4: NOAV norm | AO4: NOL norm | AP4: NOPM norm | AQ4: SOMA norm
A5: =MethodData!A2 -> Barge: Barge(Compass, IPosition) | B5: =MethodData!B2 -> 1 | C5: =MethodData!C2 -> 0 | D5: =MethodData!D2 -> 0.6 | E5: =MethodData!E2 -> 5 | F5: =MethodData!F2 -> 0 | G5: =MethodData!G2 -> 0 | H5: =MethodData!H2 -> 6 | ... U5: =MethodData!U2 -> 2 | W5: =IF(B$3-B$2=0,0,(B5-B$2)/(B$3-B$2)) -> 0.026315789 | X5: =IF(C$3-C$2=0,0,(C5-C$2)/(C$3-C$2)) -> 0 | Y5: =IF(D$3-D$2=0,0,(D5-D$2)/(D$3-D$2)) -> 0.6 | Z5: =IF(E$3-E$2=0,0,(E5-E$2)/(E$3-E$2)) -> 0.17241379 | AA5: =IF(F$3-F$2=0,0,(F5-F$2)/(F$3-F$2)) -> 0 | AB5: =IF(G$3-G$2=0,0,(G5-G$2)/(G$3-G$2)) -> 0 | AC5: =IF(H$3-H$2=0,0,(H5-H$2)/(H$3-H$2)) -> 0.05994006 | AD5: =IF(I$3-I$2=0,0,(I5-I$2)/(I$3-I$2)) -> 0.0015847185 | ... AP5: =IF(U$3-U$2=0,0,(U5-U$2)/(U$3-U$2)) -> 0.5 | AQ5: =SUM(W5:AP5) -> 2.551825
A6: =MethodData!A3 -> BoardWindow: close() | B6: =MethodData!B3 -> 2 | C6: =MethodData!C3 -> 1 | D6: =MethodData!D3 -> 1 | E6: =MethodData!E3 -> 1 | F6: =MethodData!F3 -> 1 | G6: =MethodData!G3 -> 0 | H6: =MethodData!H3 -> 7.5 | ... U6: =MethodData!U3 -> 0 | W6: =IF(B$3-B$2=0,0,(B6-B$2)/(B$3-B$2)) -> 0.052631579 | X6: =IF(C$3-C$2=0,0,(C6-C$2)/(C$3-C$2)) -> 0.025 | Y6: =IF(D$3-D$2=0,0,(D6-D$2)/(D$3-D$2)) -> 1 | Z6: =IF(E$3-E$2=0,0,(E6-E$2)/(E$3-E$2)) -> 0.034482759 | AA6: =IF(F$3-F$2=0,0,(F6-F$2)/(F$3-F$2)) -> 0.25 | AB6: =IF(G$3-G$2=0,0,(G6-G$2)/(G$3-G$2)) -> 0 | AC6: =IF(H$3-H$2=0,0,(H6-H$2)/(H$3-H$2)) -> 0.074925075 | AD6: =IF(I$3-I$2=0,0,(I6-I$2)/(I$3-I$2)) -> 0.0013024569 | ... AP6: =IF(U$3-U$2=0,0,(U6-U$2)/(U$3-U$2)) -> 0 | AQ6: =SUM(W6:AP6) -> 3.7409393
A7: =MethodData!A4 -> BoardWindow: createBoardPanel(char[][], List<IPosition>) | B7: =MethodData!B4 -> 10 | C7: =MethodData!C4 -> 10 | D7: =MethodData!D4 -> 0.5 | E7: =MethodData!E4 -> 10 | F7: =MethodData!F4 -> 2 | G7: =MethodData!G4 -> 4 | H7: =MethodData!H4 -> 27.5 | ... U7: =MethodData!U4 -> 2 | W7: =IF(B$3-B$2=0,0,(B7-B$2)/(B$3-B$2)) -> 0.26315789 | X7: =IF(C$3-C$2=0,0,(C7-C$2)/(C$3-C$2)) -> 0.25 | Y7: =IF(D$3-D$2=0,0,(D7-D$2)/(D$3-D$2)) -> 0.5 | Z7: =IF(E$3-E$2=0,0,(E7-E$2)/(E$3-E$2)) -> 0.34482759 | AA7: =IF(F$3-F$2=0,0,(F7-F$2)/(F$3-F$2)) -> 0.5 | AB7: =IF(G$3-G$2=0,0,(G7-G$2)/(G$3-G$2)) -> 0.8 | AC7: =IF(H$3-H$2=0,0,(H7-H$2)/(H$3-H$2)) -> 0.27472527 | AD7: =IF(I$3-I$2=0,0,(I7-I$2)/(I$3-I$2)) -> 0.099562958 | ... AP7: =IF(U$3-U$2=0,0,(U7-U$2)/(U$3-U$2)) -> 0.5 | AQ7: =SUM(W7:AP7) -> 8.5610984
A8: =MethodData!A5 -> BoardWindow: show(char[][], char[][], List<IPosition>, List<IPosition>) | B8: =MethodData!B5 -> 2 | C8: =MethodData!C5 -> 1 | D8: =MethodData!D5 -> 0.4545 | E8: =MethodData!E5 -> 10 | F8: =MethodData!F5 -> 1 | G8: =MethodData!G5 -> 4 | H8: =MethodData!H5 -> 16.7143 | ... U8: =MethodData!U5 -> 4 | W8: =IF(B$3-B$2=0,0,(B8-B$2)/(B$3-B$2)) -> 0.052631579 | X8: =IF(C$3-C$2=0,0,(C8-C$2)/(C$3-C$2)) -> 0.025 | Y8: =IF(D$3-D$2=0,0,(D8-D$2)/(D$3-D$2)) -> 0.4545 | Z8: =IF(E$3-E$2=0,0,(E8-E$2)/(E$3-E$2)) -> 0.34482759 | AA8: =IF(F$3-F$2=0,0,(F8-F$2)/(F$3-F$2)) -> 0.25 | AB8: =IF(G$3-G$2=0,0,(G8-G$2)/(G$3-G$2)) -> 0.8 | AC8: =IF(H$3-H$2=0,0,(H8-H$2)/(H$3-H$2)) -> 0.16697602 | AD8: =IF(I$3-I$2=0,0,(I8-I$2)/(I$3-I$2)) -> 0.04275411 | ... AP8: =IF(U$3-U$2=0,0,(U8-U$2)/(U$3-U$2)) -> 1 | AQ8: =SUM(W8:AP8) -> 6.0697069
A9: =MethodData!A6 -> Caravel: Caravel(Compass, IPosition) | B9: =MethodData!B6 -> 9 | C9: =MethodData!C6 -> 5 | D9: =MethodData!D6 -> 0.5 | E9: =MethodData!E6 -> 6 | F9: =MethodData!F6 -> 0 | G9: =MethodData!G6 -> 1 | H9: =MethodData!H6 -> 27 | ... U9: =MethodData!U6 -> 2 | W9: =IF(B$3-B$2=0,0,(B9-B$2)/(B$3-B$2)) -> 0.23684211 | X9: =IF(C$3-C$2=0,0,(C9-C$2)/(C$3-C$2)) -> 0.125 | Y9: =IF(D$3-D$2=0,0,(D9-D$2)/(D$3-D$2)) -> 0.5 | Z9: =IF(E$3-E$2=0,0,(E9-E$2)/(E$3-E$2)) -> 0.20689655 | AA9: =IF(F$3-F$2=0,0,(F9-F$2)/(F$3-F$2)) -> 0 | AB9: =IF(G$3-G$2=0,0,(G9-G$2)/(G$3-G$2)) -> 0.2 | AC9: =IF(H$3-H$2=0,0,(H9-H$2)/(H$3-H$2)) -> 0.26973027 | AD9: =IF(I$3-I$2=0,0,(I9-I$2)/(I$3-I$2)) -> 0.064193443 | ... AP9: =IF(U$3-U$2=0,0,(U9-U$2)/(U$3-U$2)) -> 0.5 | AQ9: =SUM(W9:AP9) -> 5.042861
A10: =MethodData!A7 -> Carrack: Carrack(Compass, IPosition) | B10: =MethodData!B7 -> 9 | C10: =MethodData!C7 -> 5 | D10: =MethodData!D7 -> 0.5 | E10: =MethodData!E7 -> 6 | F10: =MethodData!F7 -> 0 | G10: =MethodData!G7 -> 1 | H10: =MethodData!H7 -> 27 | ... U10: =MethodData!U7 -> 2 | W10: =IF(B$3-B$2=0,0,(B10-B$2)/(B$3-B$2)) -> 0.23684211 | X10: =IF(C$3-C$2=0,0,(C10-C$2)/(C$3-C$2)) -> 0.125 | Y10: =IF(D$3-D$2=0,0,(D10-D$2)/(D$3-D$2)) -> 0.5 | Z10: =IF(E$3-E$2=0,0,(E10-E$2)/(E$3-E$2)) -> 0.20689655 | AA10: =IF(F$3-F$2=0,0,(F10-F$2)/(F$3-F$2)) -> 0 | AB10: =IF(G$3-G$2=0,0,(G10-G$2)/(G$3-G$2)) -> 0.2 | AC10: =IF(H$3-H$2=0,0,(H10-H$2)/(H$3-H$2)) -> 0.26973027 | AD10: =IF(I$3-I$2=0,0,(I10-I$2)/(I$3-I$2)) -> 0.064193443 | ... AP10: =IF(U$3-U$2=0,0,(U10-U$2)/(U$3-U$2)) -> 0.5 | AQ10: =SUM(W10:AP10) -> 5.042861
A11: =MethodData!A8 -> Compass: Compass(char) | B11: =MethodData!B8 -> 1 | C11: =MethodData!C8 -> 0 | D11: =MethodData!D8 -> 0 | E11: =MethodData!E8 -> 0 | F11: =MethodData!F8 -> 0 | G11: =MethodData!G8 -> 0 | H11: =MethodData!H8 -> 1 | ... U11: =MethodData!U8 -> 1 | W11: =IF(B$3-B$2=0,0,(B11-B$2)/(B$3-B$2)) -> 0.026315789 | X11: =IF(C$3-C$2=0,0,(C11-C$2)/(C$3-C$2)) -> 0 | Y11: =IF(D$3-D$2=0,0,(D11-D$2)/(D$3-D$2)) -> 0 | Z11: =IF(E$3-E$2=0,0,(E11-E$2)/(E$3-E$2)) -> 0 | AA11: =IF(F$3-F$2=0,0,(F11-F$2)/(F$3-F$2)) -> 0 | AB11: =IF(G$3-G$2=0,0,(G11-G$2)/(G$3-G$2)) -> 0 | AC11: =IF(H$3-H$2=0,0,(H11-H$2)/(H$3-H$2)) -> 0.00999001 | AD11: =IF(I$3-I$2=0,0,(I11-I$2)/(I$3-I$2)) -> 4.2099615e-05 | ... AP11: =IF(U$3-U$2=0,0,(U11-U$2)/(U$3-U$2)) -> 0.25 | AQ11: =SUM(W11:AP11) -> 2.4024622
A12: =MethodData!A9 -> Compass: charToCompass(char) | B12: =MethodData!B9 -> 6 | C12: =MethodData!C9 -> 1 | D12: =MethodData!D9 -> 0 | E12: =MethodData!E9 -> 0 | F12: =MethodData!F9 -> 0 | G12: =MethodData!G9 -> 0 | H12: =MethodData!H9 -> 5.0909 | ... U12: =MethodData!U9 -> 1 | W12: =IF(B$3-B$2=0,0,(B12-B$2)/(B$3-B$2)) -> 0.15789474 | X12: =IF(C$3-C$2=0,0,(C12-C$2)/(C$3-C$2)) -> 0.025 | Y12: =IF(D$3-D$2=0,0,(D12-D$2)/(D$3-D$2)) -> 0 | Z12: =IF(E$3-E$2=0,0,(E12-E$2)/(E$3-E$2)) -> 0 | AA12: =IF(F$3-F$2=0,0,(F12-F$2)/(F$3-F$2)) -> 0 | AB12: =IF(G$3-G$2=0,0,(G12-G$2)/(G$3-G$2)) -> 0 | AC12: =IF(H$3-H$2=0,0,(H12-H$2)/(H$3-H$2)) -> 0.050858142 | AD12: =IF(I$3-I$2=0,0,(I12-I$2)/(I$3-I$2)) -> 0.003239737 | ... AP12: =IF(U$3-U$2=0,0,(U12-U$2)/(U$3-U$2)) -> 0.25 | AQ12: =SUM(W12:AP12) -> 3.1192579
A13: =MethodData!A10 -> Compass: getDirection() | B13: =MethodData!B10 -> 1 | C13: =MethodData!C10 -> 0 | D13: =MethodData!D10 -> 0 | E13: =MethodData!E10 -> 0 | F13: =MethodData!F10 -> 0 | G13: =MethodData!G10 -> 0 | H13: =MethodData!H10 -> 1.5 | ... U13: =MethodData!U10 -> 0 | W13: =IF(B$3-B$2=0,0,(B13-B$2)/(B$3-B$2)) -> 0.026315789 | X13: =IF(C$3-C$2=0,0,(C13-C$2)/(C$3-C$2)) -> 0 | Y13: =IF(D$3-D$2=0,0,(D13-D$2)/(D$3-D$2)) -> 0 | Z13: =IF(E$3-E$2=0,0,(E13-E$2)/(E$3-E$2)) -> 0 | AA13: =IF(F$3-F$2=0,0,(F13-F$2)/(F$3-F$2)) -> 0 | AB13: =IF(G$3-G$2=0,0,(G13-G$2)/(G$3-G$2)) -> 0 | AC13: =IF(H$3-H$2=0,0,(H13-H$2)/(H$3-H$2)) -> 0.014985015 | AD13: =IF(I$3-I$2=0,0,(I13-I$2)/(I$3-I$2)) -> 6.3149423e-05 | ... AP13: =IF(U$3-U$2=0,0,(U13-U$2)/(U$3-U$2)) -> 0 | AQ13: =SUM(W13:AP13) -> 2.1255833
A14: =MethodData!A11 -> Compass: randomBearing() | B14: =MethodData!B11 -> 1 | C14: =MethodData!C11 -> 0 | D14: =MethodData!D11 -> 0.5 | E14: =MethodData!E11 -> 1 | F14: =MethodData!F11 -> 0 | G14: =MethodData!G11 -> 1 | H14: =MethodData!H11 -> 4.6667 | ... U14: =MethodData!U11 -> 0 | W14: =IF(B$3-B$2=0,0,(B14-B$2)/(B$3-B$2)) -> 0.026315789 | X14: =IF(C$3-C$2=0,0,(C14-C$2)/(C$3-C$2)) -> 0 | Y14: =IF(D$3-D$2=0,0,(D14-D$2)/(D$3-D$2)) -> 0.5 | Z14: =IF(E$3-E$2=0,0,(E14-E$2)/(E$3-E$2)) -> 0.034482759 | AA14: =IF(F$3-F$2=0,0,(F14-F$2)/(F$3-F$2)) -> 0 | AB14: =IF(G$3-G$2=0,0,(G14-G$2)/(G$3-G$2)) -> 0.2 | AC14: =IF(H$3-H$2=0,0,(H14-H$2)/(H$3-H$2)) -> 0.04662038 | AD14: =IF(I$3-I$2=0,0,(I14-I$2)/(I$3-I$2)) -> 0.00097896341 | ... AP14: =IF(U$3-U$2=0,0,(U14-U$2)/(U$3-U$2)) -> 0 | AQ14: =SUM(W14:AP14) -> 2.0082117
A15: =MethodData!A12 -> Compass: toString() | B15: =MethodData!B12 -> 1 | C15: =MethodData!C12 -> 0 | D15: =MethodData!D12 -> 0 | E15: =MethodData!E12 -> 0 | F15: =MethodData!F12 -> 0 | G15: =MethodData!G12 -> 0 | H15: =MethodData!H12 -> 1.5 | ... U15: =MethodData!U12 -> 0 | W15: =IF(B$3-B$2=0,0,(B15-B$2)/(B$3-B$2)) -> 0.026315789 | X15: =IF(C$3-C$2=0,0,(C15-C$2)/(C$3-C$2)) -> 0 | Y15: =IF(D$3-D$2=0,0,(D15-D$2)/(D$3-D$2)) -> 0 | Z15: =IF(E$3-E$2=0,0,(E15-E$2)/(E$3-E$2)) -> 0 | AA15: =IF(F$3-F$2=0,0,(F15-F$2)/(F$3-F$2)) -> 0 | AB15: =IF(G$3-G$2=0,0,(G15-G$2)/(G$3-G$2)) -> 0 | AC15: =IF(H$3-H$2=0,0,(H15-H$2)/(H$3-H$2)) -> 0.014985015 | AD15: =IF(I$3-I$2=0,0,(I15-I$2)/(I$3-I$2)) -> 9.1642969e-05 | ... AP15: =IF(U$3-U$2=0,0,(U15-U$2)/(U$3-U$2)) -> 0 | AQ15: =SUM(W15:AP15) -> 2.1274925
A16: =MethodData!A13 -> Compass: valueOf(String) | B16: =MethodData!B13 -> 1 | C16: =MethodData!C13 -> 0 | D16: =MethodData!D13 -> 0 | E16: =MethodData!E13 -> 0 | F16: =MethodData!F13 -> 0 | G16: =MethodData!G13 -> 0 | H16: =MethodData!H13 -> 0 | ... U16: =MethodData!U13 -> 1 | W16: =IF(B$3-B$2=0,0,(B16-B$2)/(B$3-B$2)) -> 0.026315789 | X16: =IF(C$3-C$2=0,0,(C16-C$2)/(C$3-C$2)) -> 0 | Y16: =IF(D$3-D$2=0,0,(D16-D$2)/(D$3-D$2)) -> 0 | Z16: =IF(E$3-E$2=0,0,(E16-E$2)/(E$3-E$2)) -> 0 | AA16: =IF(F$3-F$2=0,0,(F16-F$2)/(F$3-F$2)) -> 0 | AB16: =IF(G$3-G$2=0,0,(G16-G$2)/(G$3-G$2)) -> 0 | AC16: =IF(H$3-H$2=0,0,(H16-H$2)/(H$3-H$2)) -> 0 | AD16: =IF(I$3-I$2=0,0,(I16-I$2)/(I$3-I$2)) -> 0 | ... AP16: =IF(U$3-U$2=0,0,(U16-U$2)/(U$3-U$2)) -> 0.25 | AQ16: =SUM(W16:AP16) -> 0.27631579
... A190: =MethodData!A187 -> Tasks: readShip(Scanner) | B190: =MethodData!B187 -> 1 | C190: =MethodData!C187 -> 0 | D190: =MethodData!D187 -> 0.8 | E190: =MethodData!E187 -> 4 | F190: =MethodData!F187 -> 0 | G190: =MethodData!G187 -> 0 | H190: =MethodData!H187 -> 7.8571 | ... U190: =MethodData!U187 -> 1 | W190: =IF(B$3-B$2=0,0,(B190-B$2)/(B$3-B$2)) -> 0.026315789 | X190: =IF(C$3-C$2=0,0,(C190-C$2)/(C$3-C$2)) -> 0 | Y190: =IF(D$3-D$2=0,0,(D190-D$2)/(D$3-D$2)) -> 0.8 | Z190: =IF(E$3-E$2=0,0,(E190-E$2)/(E$3-E$2)) -> 0.13793103 | AA190: =IF(F$3-F$2=0,0,(F190-F$2)/(F$3-F$2)) -> 0 | AB190: =IF(G$3-G$2=0,0,(G190-G$2)/(G$3-G$2)) -> 0 | AC190: =IF(H$3-H$2=0,0,(H190-H$2)/(H$3-H$2)) -> 0.078492507 | AD190: =IF(I$3-I$2=0,0,(I190-I$2)/(I$3-I$2)) -> 0.0037931822 | ... AP190: =IF(U$3-U$2=0,0,(U190-U$2)/(U$3-U$2)) -> 0.25 | AQ190: =SUM(W190:AP190) -> 2.6752729
A193: Ordenado por SOMA norm (decrescente)
A194: # | B194: Classe.Método | C194: CC norm | D194: CCM norm | E194: CDISP norm | F194: CINT norm | G194: CND norm | H194: FDP norm | I194: HD norm | J194: HEF norm | K194: HER norm | L194: HL norm | M194: HVC norm | N194: HVL norm | O194: LAA norm | P194: LND norm | Q194: LOC norm | R194: MMI norm | S194: MND norm | T194: NOAV norm | U194: NOL norm | V194: NOPM norm
A195: 1 | B195: =INDEX($A$5:$A$190,MATCH(LARGE(AQ$5:AQ$190,1),AQ$5:AQ$190,0)) -> Move: processEnemyFire(boolean) | C195: =INDEX(W$5:W$190,MATCH(LARGE(AQ$5:AQ$190,1),AQ$5:AQ$190,0)) -> 1 | D195: =INDEX(X$5:X$190,MATCH(LARGE(AQ$5:AQ$190,1),AQ$5:AQ$190,0)) -> 1 | E195: =INDEX(Y$5:Y$190,MATCH(LARGE(AQ$5:AQ$190,1),AQ$5:AQ$190,0)) -> 0.4545 | F195: =INDEX(Z$5:Z$190,MATCH(LARGE(AQ$5:AQ$190,1),AQ$5:AQ$190,0)) -> 0.75862069 | G195: =INDEX(AA$5:AA$190,MATCH(LARGE(AQ$5:AQ$190,1),AQ$5:AQ$190,0)) -> 1 | H195: =INDEX(AB$5:AB$190,MATCH(LARGE(AQ$5:AQ$190,1),AQ$5:AQ$190,0)) -> 1 | I195: =INDEX(AC$5:AC$190,MATCH(LARGE(AQ$5:AQ$190,1),AQ$5:AQ$190,0)) -> 0.76151149 | J195: =INDEX(AD$5:AD$190,MATCH(LARGE(AQ$5:AQ$190,1),AQ$5:AQ$190,0)) -> 0.98177291 | K195: =INDEX(AE$5:AE$190,MATCH(LARGE(AQ$5:AQ$190,1),AQ$5:AQ$190,0)) -> 0.98774732 | L195: =INDEX(AF$5:AF$190,MATCH(LARGE(AQ$5:AQ$190,1),AQ$5:AQ$190,0)) -> 1 | M195: =INDEX(AG$5:AG$190,MATCH(LARGE(AQ$5:AQ$190,1),AQ$5:AQ$190,0)) -> 1 | N195: =INDEX(AH$5:AH$190,MATCH(LARGE(AQ$5:AQ$190,1),AQ$5:AQ$190,0)) -> 1 | O195: =INDEX(AI$5:AI$190,MATCH(LARGE(AQ$5:AQ$190,1),AQ$5:AQ$190,0)) -> 0.2 | P195: =INDEX(AJ$5:AJ$190,MATCH(LARGE(AQ$5:AQ$190,1),AQ$5:AQ$190,0)) -> 0.33333333 | Q195: =INDEX(AK$5:AK$190,MATCH(LARGE(AQ$5:AQ$190,1),AQ$5:AQ$190,0)) -> 1 | R195: =INDEX(AL$5:AL$190,MATCH(LARGE(AQ$5:AQ$190,1),AQ$5:AQ$190,0)) -> 0.30824852 | S195: =INDEX(AM$5:AM$190,MATCH(LARGE(AQ$5:AQ$190,1),AQ$5:AQ$190,0)) -> 1 | T195: =INDEX(AN$5:AN$190,MATCH(LARGE(AQ$5:AQ$190,1),AQ$5:AQ$190,0)) -> 1 | U195: =INDEX(AO$5:AO$190,MATCH(LARGE(AQ$5:AQ$190,1),AQ$5:AQ$190,0)) -> 0.41666667 | V195: =INDEX(AP$5:AP$190,MATCH(LARGE(AQ$5:AQ$190,1),AQ$5:AQ$190,0)) -> 0.25
A196: 2 | B196: =INDEX($A$5:$A$190,MATCH(LARGE(AQ$5:AQ$190,2),AQ$5:AQ$190,0)) -> Tasks: menu() | C196: =INDEX(W$5:W$190,MATCH(LARGE(AQ$5:AQ$190,2),AQ$5:AQ$190,0)) -> 0.76315789 | D196: =INDEX(X$5:X$190,MATCH(LARGE(AQ$5:AQ$190,2),AQ$5:AQ$190,0)) -> 0.475 | E196: =INDEX(Y$5:Y$190,MATCH(LARGE(AQ$5:AQ$190,2),AQ$5:AQ$190,0)) -> 0.3125 | F196: =INDEX(Z$5:Z$190,MATCH(LARGE(AQ$5:AQ$190,2),AQ$5:AQ$190,0)) -> 1 | G196: =INDEX(AA$5:AA$190,MATCH(LARGE(AQ$5:AQ$190,2),AQ$5:AQ$190,0)) -> 0.5 | H196: =INDEX(AB$5:AB$190,MATCH(LARGE(AQ$5:AQ$190,2),AQ$5:AQ$190,0)) -> 0.4 | I196: =INDEX(AC$5:AC$190,MATCH(LARGE(AQ$5:AQ$190,2),AQ$5:AQ$190,0)) -> 1 | J196: =INDEX(AD$5:AD$190,MATCH(LARGE(AQ$5:AQ$190,2),AQ$5:AQ$190,0)) -> 1 | K196: =INDEX(AE$5:AE$190,MATCH(LARGE(AQ$5:AQ$190,2),AQ$5:AQ$190,0)) -> 1 | L196: =INDEX(AF$5:AF$190,MATCH(LARGE(AQ$5:AQ$190,2),AQ$5:AQ$190,0)) -> 0.78648649 | M196: =INDEX(AG$5:AG$190,MATCH(LARGE(AQ$5:AQ$190,2),AQ$5:AQ$190,0)) -> 0.93877551 | N196: =INDEX(AH$5:AH$190,MATCH(LARGE(AQ$5:AQ$190,2),AQ$5:AQ$190,0)) -> 0.77564904 | O196: =INDEX(AI$5:AI$190,MATCH(LARGE(AQ$5:AQ$190,2),AQ$5:AQ$190,0)) -> 0.7778 | P196: =INDEX(AJ$5:AJ$190,MATCH(LARGE(AQ$5:AQ$190,2),AQ$5:AQ$190,0)) -> 0.66666667 | Q196: =INDEX(AK$5:AK$190,MATCH(LARGE(AQ$5:AQ$190,2),AQ$5:AQ$190,0)) -> 0.92424242 | R196: =INDEX(AL$5:AL$190,MATCH(LARGE(AQ$5:AQ$190,2),AQ$5:AQ$190,0)) -> 0.32448499 | S196: =INDEX(AM$5:AM$190,MATCH(LARGE(AQ$5:AQ$190,2),AQ$5:AQ$190,0)) -> 1 | T196: =INDEX(AN$5:AN$190,MATCH(LARGE(AQ$5:AQ$190,2),AQ$5:AQ$190,0)) -> 0.77419355 | U196: =INDEX(AO$5:AO$190,MATCH(LARGE(AQ$5:AQ$190,2),AQ$5:AQ$190,0)) -> 0.16666667 | V196: =INDEX(AP$5:AP$190,MATCH(LARGE(AQ$5:AQ$190,2),AQ$5:AQ$190,0)) -> 0
A197: 3 | B197: =INDEX($A$5:$A$190,MATCH(LARGE(AQ$5:AQ$190,3),AQ$5:AQ$190,0)) -> Game: printBoard(IFleet, List<IMove>, boolean, boolean) | C197: =INDEX(W$5:W$190,MATCH(LARGE(AQ$5:AQ$190,3),AQ$5:AQ$190,0)) -> 0 | D197: =INDEX(X$5:X$190,MATCH(LARGE(AQ$5:AQ$190,3),AQ$5:AQ$190,0)) -> 0.475 | E197: =INDEX(Y$5:Y$190,MATCH(LARGE(AQ$5:AQ$190,3),AQ$5:AQ$190,0)) -> 0.5 | F197: =INDEX(Z$5:Z$190,MATCH(LARGE(AQ$5:AQ$190,3),AQ$5:AQ$190,0)) -> 0.4137931 | G197: =INDEX(AA$5:AA$190,MATCH(LARGE(AQ$5:AQ$190,3),AQ$5:AQ$190,0)) -> 0.75 | H197: =INDEX(AB$5:AB$190,MATCH(LARGE(AQ$5:AQ$190,3),AQ$5:AQ$190,0)) -> 0.2 | I197: =INDEX(AC$5:AC$190,MATCH(LARGE(AQ$5:AQ$190,3),AQ$5:AQ$190,0)) -> 0.45223077 | J197: =INDEX(AD$5:AD$190,MATCH(LARGE(AQ$5:AQ$190,3),AQ$5:AQ$190,0)) -> 0.32268903 | K197: =INDEX(AE$5:AE$190,MATCH(LARGE(AQ$5:AQ$190,3),AQ$5:AQ$190,0)) -> 0.47041205 | L197: =INDEX(AF$5:AF$190,MATCH(LARGE(AQ$5:AQ$190,3),AQ$5:AQ$190,0)) -> 0.5972973 | M197: =INDEX(AG$5:AG$190,MATCH(LARGE(AQ$5:AQ$190,3),AQ$5:AQ$190,0)) -> 0.71428571 | N197: =INDEX(AH$5:AH$190,MATCH(LARGE(AQ$5:AQ$190,3),AQ$5:AQ$190,0)) -> 0.55346405 | O197: =INDEX(AI$5:AI$190,MATCH(LARGE(AQ$5:AQ$190,3),AQ$5:AQ$190,0)) -> 0.8571 | P197: =INDEX(AJ$5:AJ$190,MATCH(LARGE(AQ$5:AQ$190,3),AQ$5:AQ$190,0)) -> 0.66666667 | Q197: =INDEX(AK$5:AK$190,MATCH(LARGE(AQ$5:AQ$190,3),AQ$5:AQ$190,0)) -> 0.53030303 | R197: =INDEX(AL$5:AL$190,MATCH(LARGE(AQ$5:AQ$190,3),AQ$5:AQ$190,0)) -> 0.39067426 | S197: =INDEX(AM$5:AM$190,MATCH(LARGE(AQ$5:AQ$190,3),AQ$5:AQ$190,0)) -> 0.5 | T197: =INDEX(AN$5:AN$190,MATCH(LARGE(AQ$5:AQ$190,3),AQ$5:AQ$190,0)) -> 0.90322581 | U197: =INDEX(AO$5:AO$190,MATCH(LARGE(AQ$5:AQ$190,3),AQ$5:AQ$190,0)) -> 1 | V197: =INDEX(AP$5:AP$190,MATCH(LARGE(AQ$5:AQ$190,3),AQ$5:AQ$190,0)) -> 1
A198: 4 | B198: =INDEX($A$5:$A$190,MATCH(LARGE(AQ$5:AQ$190,4),AQ$5:AQ$190,0)) -> PdfExporter: printMoveSection(PDDocument, PdfState, String, List<IMove>) | C198: =INDEX(W$5:W$190,MATCH(LARGE(AQ$5:AQ$190,4),AQ$5:AQ$190,0)) -> 0.23684211 | D198: =INDEX(X$5:X$190,MATCH(LARGE(AQ$5:AQ$190,4),AQ$5:AQ$190,0)) -> 0.225 | E198: =INDEX(Y$5:Y$190,MATCH(LARGE(AQ$5:AQ$190,4),AQ$5:AQ$190,0)) -> 0.35 | F198: =INDEX(Z$5:Z$190,MATCH(LARGE(AQ$5:AQ$190,4),AQ$5:AQ$190,0)) -> 0.65517241 | G198: =INDEX(AA$5:AA$190,MATCH(LARGE(AQ$5:AQ$190,4),AQ$5:AQ$190,0)) -> 0.25 | H198: =INDEX(AB$5:AB$190,MATCH(LARGE(AQ$5:AQ$190,4),AQ$5:AQ$190,0)) -> 0.8 | I198: =INDEX(AC$5:AC$190,MATCH(LARGE(AQ$5:AQ$190,4),AQ$5:AQ$190,0)) -> 0.58741259 | J198: =INDEX(AD$5:AD$190,MATCH(LARGE(AQ$5:AQ$190,4),AQ$5:AQ$190,0)) -> 0.42570052 | K198: =INDEX(AE$5:AE$190,MATCH(LARGE(AQ$5:AQ$190,4),AQ$5:AQ$190,0)) -> 0.56589218 | L198: =INDEX(AF$5:AF$190,MATCH(LARGE(AQ$5:AQ$190,4),AQ$5:AQ$190,0)) -> 0.58648649 | M198: =INDEX(AG$5:AG$190,MATCH(LARGE(AQ$5:AQ$190,4),AQ$5:AQ$190,0)) -> 0.82653061 | N198: =INDEX(AH$5:AH$190,MATCH(LARGE(AQ$5:AQ$190,4),AQ$5:AQ$190,0)) -> 0.56211635 | O198: =INDEX(AI$5:AI$190,MATCH(LARGE(AQ$5:AQ$190,4),AQ$5:AQ$190,0)) -> 0 | P198: =INDEX(AJ$5:AJ$190,MATCH(LARGE(AQ$5:AQ$190,4),AQ$5:AQ$190,0)) -> 0.66666667 | Q198: =INDEX(AK$5:AK$190,MATCH(LARGE(AQ$5:AQ$190,4),AQ$5:AQ$190,0)) -> 0.53787879 | R198: =INDEX(AL$5:AL$190,MATCH(LARGE(AQ$5:AQ$190,4),AQ$5:AQ$190,0)) -> 0.38990378 | S198: =INDEX(AM$5:AM$190,MATCH(LARGE(AQ$5:AQ$190,4),AQ$5:AQ$190,0)) -> 0.66666667 | T198: =INDEX(AN$5:AN$190,MATCH(LARGE(AQ$5:AQ$190,4),AQ$5:AQ$190,0)) -> 0.67741935 | U198: =INDEX(AO$5:AO$190,MATCH(LARGE(AQ$5:AQ$190,4),AQ$5:AQ$190,0)) -> 0.16666667 | V198: =INDEX(AP$5:AP$190,MATCH(LARGE(AQ$5:AQ$190,4),AQ$5:AQ$190,0)) -> 1
A199: 5 | B199: =INDEX($A$5:$A$190,MATCH(LARGE(AQ$5:AQ$190,5),AQ$5:AQ$190,0)) -> Game: buildMap(IFleet, List<IMove>, boolean, boolean) | C199: =INDEX(W$5:W$190,MATCH(LARGE(AQ$5:AQ$190,5),AQ$5:AQ$190,0)) -> 0.47368421 | D199: =INDEX(X$5:X$190,MATCH(LARGE(AQ$5:AQ$190,5),AQ$5:AQ$190,0)) -> 0.425 | E199: =INDEX(Y$5:Y$190,MATCH(LARGE(AQ$5:AQ$190,5),AQ$5:AQ$190,0)) -> 0.5 | F199: =INDEX(Z$5:Z$190,MATCH(LARGE(AQ$5:AQ$190,5),AQ$5:AQ$190,0)) -> 0.27586207 | G199: =INDEX(AA$5:AA$190,MATCH(LARGE(AQ$5:AQ$190,5),AQ$5:AQ$190,0)) -> 0.75 | H199: =INDEX(AB$5:AB$190,MATCH(LARGE(AQ$5:AQ$190,5),AQ$5:AQ$190,0)) -> 0 | I199: =INDEX(AC$5:AC$190,MATCH(LARGE(AQ$5:AQ$190,5),AQ$5:AQ$190,0)) -> 0.40323277 | J199: =INDEX(AD$5:AD$190,MATCH(LARGE(AQ$5:AQ$190,5),AQ$5:AQ$190,0)) -> 0.15839134 | K199: =INDEX(AE$5:AE$190,MATCH(LARGE(AQ$5:AQ$190,5),AQ$5:AQ$190,0)) -> 0.29270285 | L199: =INDEX(AF$5:AF$190,MATCH(LARGE(AQ$5:AQ$190,5),AQ$5:AQ$190,0)) -> 0.36486486 | M199: =INDEX(AG$5:AG$190,MATCH(LARGE(AQ$5:AQ$190,5),AQ$5:AQ$190,0)) -> 0.46938776 | N199: =INDEX(AH$5:AH$190,MATCH(LARGE(AQ$5:AQ$190,5),AQ$5:AQ$190,0)) -> 0.30467758 | O199: =INDEX(AI$5:AI$190,MATCH(LARGE(AQ$5:AQ$190,5),AQ$5:AQ$190,0)) -> 1 | P199: =INDEX(AJ$5:AJ$190,MATCH(LARGE(AQ$5:AQ$190,5),AQ$5:AQ$190,0)) -> 0.66666667 | Q199: =INDEX(AK$5:AK$190,MATCH(LARGE(AQ$5:AQ$190,5),AQ$5:AQ$190,0)) -> 0.32575758 | R199: =INDEX(AL$5:AL$190,MATCH(LARGE(AQ$5:AQ$190,5),AQ$5:AQ$190,0)) -> 0.45798585 | S199: =INDEX(AM$5:AM$190,MATCH(LARGE(AQ$5:AQ$190,5),AQ$5:AQ$190,0)) -> 0.83333333 | T199: =INDEX(AN$5:AN$190,MATCH(LARGE(AQ$5:AQ$190,5),AQ$5:AQ$190,0)) -> 0.70967742 | U199: =INDEX(AO$5:AO$190,MATCH(LARGE(AQ$5:AQ$190,5),AQ$5:AQ$190,0)) -> 0.75 | V199: =INDEX(AP$5:AP$190,MATCH(LARGE(AQ$5:AQ$190,5),AQ$5:AQ$190,0)) -> 1
A200: 6 | B200: =INDEX($A$5:$A$190,MATCH(LARGE(AQ$5:AQ$190,6),AQ$5:AQ$190,0)) -> BoardWindow: createBoardPanel(char[][], List<IPosition>) | C200: =INDEX(W$5:W$190,MATCH(LARGE(AQ$5:AQ$190,6),AQ$5:AQ$190,0)) -> 0.26315789 | D200: =INDEX(X$5:X$190,MATCH(LARGE(AQ$5:AQ$190,6),AQ$5:AQ$190,0)) -> 0.25 | E200: =INDEX(Y$5:Y$190,MATCH(LARGE(AQ$5:AQ$190,6),AQ$5:AQ$190,0)) -> 0.5 | F200: =INDEX(Z$5:Z$190,MATCH(LARGE(AQ$5:AQ$190,6),AQ$5:AQ$190,0)) -> 0.34482759 | G200: =INDEX(AA$5:AA$190,MATCH(LARGE(AQ$5:AQ$190,6),AQ$5:AQ$190,0)) -> 0.5 | H200: =INDEX(AB$5:AB$190,MATCH(LARGE(AQ$5:AQ$190,6),AQ$5:AQ$190,0)) -> 0.8 | I200: =INDEX(AC$5:AC$190,MATCH(LARGE(AQ$5:AQ$190,6),AQ$5:AQ$190,0)) -> 0.27472527 | J200: =INDEX(AD$5:AD$190,MATCH(LARGE(AQ$5:AQ$190,6),AQ$5:AQ$190,0)) -> 0.099562958 | K200: =INDEX(AE$5:AE$190,MATCH(LARGE(AQ$5:AQ$190,6),AQ$5:AQ$190,0)) -> 0.21483028 | L200: =INDEX(AF$5:AF$190,MATCH(LARGE(AQ$5:AQ$190,6),AQ$5:AQ$190,0)) -> 0.32162162 | M200: =INDEX(AG$5:AG$190,MATCH(LARGE(AQ$5:AQ$190,6),AQ$5:AQ$190,0)) -> 0.56122449 | N200: =INDEX(AH$5:AH$190,MATCH(LARGE(AQ$5:AQ$190,6),AQ$5:AQ$190,0)) -> 0.28110232 | O200: =INDEX(AI$5:AI$190,MATCH(LARGE(AQ$5:AQ$190,6),AQ$5:AQ$190,0)) -> 0 | P200: =INDEX(AJ$5:AJ$190,MATCH(LARGE(AQ$5:AQ$190,6),AQ$5:AQ$190,0)) -> 1 | Q200: =INDEX(AK$5:AK$190,MATCH(LARGE(AQ$5:AQ$190,6),AQ$5:AQ$190,0)) -> 0.32575758 | R200: =INDEX(AL$5:AL$190,MATCH(LARGE(AQ$5:AQ$190,6),AQ$5:AQ$190,0)) -> 0.46138515 | S200: =INDEX(AM$5:AM$190,MATCH(LARGE(AQ$5:AQ$190,6),AQ$5:AQ$190,0)) -> 1 | T200: =INDEX(AN$5:AN$190,MATCH(LARGE(AQ$5:AQ$190,6),AQ$5:AQ$190,0)) -> 0.61290323 | U200: =INDEX(AO$5:AO$190,MATCH(LARGE(AQ$5:AQ$190,6),AQ$5:AQ$190,0)) -> 0.25 | V200: =INDEX(AP$5:AP$190,MATCH(LARGE(AQ$5:AQ$190,6),AQ$5:AQ$190,0)) -> 0.5
A201: 7 | B201: =INDEX($A$5:$A$190,MATCH(LARGE(AQ$5:AQ$190,7),AQ$5:AQ$190,0)) -> Game: randomEnemyFire() | C201: =INDEX(W$5:W$190,MATCH(LARGE(AQ$5:AQ$190,7),AQ$5:AQ$190,0)) -> 0.26315789 | D201: =INDEX(X$5:X$190,MATCH(LARGE(AQ$5:AQ$190,7),AQ$5:AQ$190,0)) -> 0.25 | E201: =INDEX(Y$5:Y$190,MATCH(LARGE(AQ$5:AQ$190,7),AQ$5:AQ$190,0)) -> 0.5625 | F201: =INDEX(Z$5:Z$190,MATCH(LARGE(AQ$5:AQ$190,7),AQ$5:AQ$190,0)) -> 0.48275862 | G201: =INDEX(AA$5:AA$190,MATCH(LARGE(AQ$5:AQ$190,7),AQ$5:AQ$190,0)) -> 0.5 | H201: =INDEX(AB$5:AB$190,MATCH(LARGE(AQ$5:AQ$190,7),AQ$5:AQ$190,0)) -> 0.2 | I201: =INDEX(AC$5:AC$190,MATCH(LARGE(AQ$5:AQ$190,7),AQ$5:AQ$190,0)) -> 0.43377722 | J201: =INDEX(AD$5:AD$190,MATCH(LARGE(AQ$5:AQ$190,7),AQ$5:AQ$190,0)) -> 0.15267319 | K201: =INDEX(AE$5:AE$190,MATCH(LARGE(AQ$5:AQ$190,7),AQ$5:AQ$190,0)) -> 0.28562353 | L201: =INDEX(AF$5:AF$190,MATCH(LARGE(AQ$5:AQ$190,7),AQ$5:AQ$190,0)) -> 0.32162162 | M201: =INDEX(AG$5:AG$190,MATCH(LARGE(AQ$5:AQ$190,7),AQ$5:AQ$190,0)) -> 0.5 | N201: =INDEX(AH$5:AH$190,MATCH(LARGE(AQ$5:AQ$190,7),AQ$5:AQ$190,0)) -> 0.27299946 | O201: =INDEX(AI$5:AI$190,MATCH(LARGE(AQ$5:AQ$190,7),AQ$5:AQ$190,0)) -> 0.8 | P201: =INDEX(AJ$5:AJ$190,MATCH(LARGE(AQ$5:AQ$190,7),AQ$5:AQ$190,0)) -> 0.66666667 | Q201: =INDEX(AK$5:AK$190,MATCH(LARGE(AQ$5:AQ$190,7),AQ$5:AQ$190,0)) -> 0.34848485 | R201: =INDEX(AL$5:AL$190,MATCH(LARGE(AQ$5:AQ$190,7),AQ$5:AQ$190,0)) -> 0.45560446 | S201: =INDEX(AM$5:AM$190,MATCH(LARGE(AQ$5:AQ$190,7),AQ$5:AQ$190,0)) -> 0.5 | T201: =INDEX(AN$5:AN$190,MATCH(LARGE(AQ$5:AQ$190,7),AQ$5:AQ$190,0)) -> 0.48387097 | U201: =INDEX(AO$5:AO$190,MATCH(LARGE(AQ$5:AQ$190,7),AQ$5:AQ$190,0)) -> 0.5 | V201: =INDEX(AP$5:AP$190,MATCH(LARGE(AQ$5:AQ$190,7),AQ$5:AQ$190,0)) -> 0
A202: 8 | B202: =INDEX($A$5:$A$190,MATCH(LARGE(AQ$5:AQ$190,8),AQ$5:AQ$190,0)) -> Game: randomPlayerFire() | C202: =INDEX(W$5:W$190,MATCH(LARGE(AQ$5:AQ$190,8),AQ$5:AQ$190,0)) -> 0.26315789 | D202: =INDEX(X$5:X$190,MATCH(LARGE(AQ$5:AQ$190,8),AQ$5:AQ$190,0)) -> 0.25 | E202: =INDEX(Y$5:Y$190,MATCH(LARGE(AQ$5:AQ$190,8),AQ$5:AQ$190,0)) -> 0.5625 | F202: =INDEX(Z$5:Z$190,MATCH(LARGE(AQ$5:AQ$190,8),AQ$5:AQ$190,0)) -> 0.48275862 | G202: =INDEX(AA$5:AA$190,MATCH(LARGE(AQ$5:AQ$190,8),AQ$5:AQ$190,0)) -> 0.5 | H202: =INDEX(AB$5:AB$190,MATCH(LARGE(AQ$5:AQ$190,8),AQ$5:AQ$190,0)) -> 0.2 | I202: =INDEX(AC$5:AC$190,MATCH(LARGE(AQ$5:AQ$190,8),AQ$5:AQ$190,0)) -> 0.43377722 | J202: =INDEX(AD$5:AD$190,MATCH(LARGE(AQ$5:AQ$190,8),AQ$5:AQ$190,0)) -> 0.15267319 | K202: =INDEX(AE$5:AE$190,MATCH(LARGE(AQ$5:AQ$190,8),AQ$5:AQ$190,0)) -> 0.28562353 | L202: =INDEX(AF$5:AF$190,MATCH(LARGE(AQ$5:AQ$190,8),AQ$5:AQ$190,0)) -> 0.32162162 | M202: =INDEX(AG$5:AG$190,MATCH(LARGE(AQ$5:AQ$190,8),AQ$5:AQ$190,0)) -> 0.5 | N202: =INDEX(AH$5:AH$190,MATCH(LARGE(AQ$5:AQ$190,8),AQ$5:AQ$190,0)) -> 0.27299946 | O202: =INDEX(AI$5:AI$190,MATCH(LARGE(AQ$5:AQ$190,8),AQ$5:AQ$190,0)) -> 0.8 | P202: =INDEX(AJ$5:AJ$190,MATCH(LARGE(AQ$5:AQ$190,8),AQ$5:AQ$190,0)) -> 0.66666667 | Q202: =INDEX(AK$5:AK$190,MATCH(LARGE(AQ$5:AQ$190,8),AQ$5:AQ$190,0)) -> 0.31818182 | R202: =INDEX(AL$5:AL$190,MATCH(LARGE(AQ$5:AQ$190,8),AQ$5:AQ$190,0)) -> 0.4646028 | S202: =INDEX(AM$5:AM$190,MATCH(LARGE(AQ$5:AQ$190,8),AQ$5:AQ$190,0)) -> 0.5 | T202: =INDEX(AN$5:AN$190,MATCH(LARGE(AQ$5:AQ$190,8),AQ$5:AQ$190,0)) -> 0.48387097 | U202: =INDEX(AO$5:AO$190,MATCH(LARGE(AQ$5:AQ$190,8),AQ$5:AQ$190,0)) -> 0.5 | V202: =INDEX(AP$5:AP$190,MATCH(LARGE(AQ$5:AQ$190,8),AQ$5:AQ$190,0)) -> 0
A203: 9 | B203: =INDEX($A$5:$A$190,MATCH(LARGE(AQ$5:AQ$190,9),AQ$5:AQ$190,0)) -> Game: readEnemyFire(Scanner) | C203: =INDEX(W$5:W$190,MATCH(LARGE(AQ$5:AQ$190,9),AQ$5:AQ$190,0)) -> 0.31578947 | D203: =INDEX(X$5:X$190,MATCH(LARGE(AQ$5:AQ$190,9),AQ$5:AQ$190,0)) -> 0.325 | E203: =INDEX(Y$5:Y$190,MATCH(LARGE(AQ$5:AQ$190,9),AQ$5:AQ$190,0)) -> 0.1905 | F203: =INDEX(Z$5:Z$190,MATCH(LARGE(AQ$5:AQ$190,9),AQ$5:AQ$190,0)) -> 0.62068966 | G203: =INDEX(AA$5:AA$190,MATCH(LARGE(AQ$5:AQ$190,9),AQ$5:AQ$190,0)) -> 0.5 | H203: =INDEX(AB$5:AB$190,MATCH(LARGE(AQ$5:AQ$190,9),AQ$5:AQ$190,0)) -> 0 | I203: =INDEX(AC$5:AC$190,MATCH(LARGE(AQ$5:AQ$190,9),AQ$5:AQ$190,0)) -> 0.45854146 | J203: =INDEX(AD$5:AD$190,MATCH(LARGE(AQ$5:AQ$190,9),AQ$5:AQ$190,0)) -> 0.16552409 | K203: =INDEX(AE$5:AE$190,MATCH(LARGE(AQ$5:AQ$190,9),AQ$5:AQ$190,0)) -> 0.30141586 | L203: =INDEX(AF$5:AF$190,MATCH(LARGE(AQ$5:AQ$190,9),AQ$5:AQ$190,0)) -> 0.31891892 | M203: =INDEX(AG$5:AG$190,MATCH(LARGE(AQ$5:AQ$190,9),AQ$5:AQ$190,0)) -> 0.57142857 | N203: =INDEX(AH$5:AH$190,MATCH(LARGE(AQ$5:AQ$190,9),AQ$5:AQ$190,0)) -> 0.27999345 | O203: =INDEX(AI$5:AI$190,MATCH(LARGE(AQ$5:AQ$190,9),AQ$5:AQ$190,0)) -> 1 | P203: =INDEX(AJ$5:AJ$190,MATCH(LARGE(AQ$5:AQ$190,9),AQ$5:AQ$190,0)) -> 0.33333333 | Q203: =INDEX(AK$5:AK$190,MATCH(LARGE(AQ$5:AQ$190,9),AQ$5:AQ$190,0)) -> 0.39393939 | R203: =INDEX(AL$5:AL$190,MATCH(LARGE(AQ$5:AQ$190,9),AQ$5:AQ$190,0)) -> 0.44242486 | S203: =INDEX(AM$5:AM$190,MATCH(LARGE(AQ$5:AQ$190,9),AQ$5:AQ$190,0)) -> 0.83333333 | T203: =INDEX(AN$5:AN$190,MATCH(LARGE(AQ$5:AQ$190,9),AQ$5:AQ$190,0)) -> 0.25806452 | U203: =INDEX(AO$5:AO$190,MATCH(LARGE(AQ$5:AQ$190,9),AQ$5:AQ$190,0)) -> 0.16666667 | V203: =INDEX(AP$5:AP$190,MATCH(LARGE(AQ$5:AQ$190,9),AQ$5:AQ$190,0)) -> 0.25
A204: 10 | B204: =INDEX($A$5:$A$190,MATCH(LARGE(AQ$5:AQ$190,10),AQ$5:AQ$190,0)) -> Game: readAlienFire(Scanner) | C204: =INDEX(W$5:W$190,MATCH(LARGE(AQ$5:AQ$190,10),AQ$5:AQ$190,0)) -> 0.31578947 | D204: =INDEX(X$5:X$190,MATCH(LARGE(AQ$5:AQ$190,10),AQ$5:AQ$190,0)) -> 0.325 | E204: =INDEX(Y$5:Y$190,MATCH(LARGE(AQ$5:AQ$190,10),AQ$5:AQ$190,0)) -> 0.1905 | F204: =INDEX(Z$5:Z$190,MATCH(LARGE(AQ$5:AQ$190,10),AQ$5:AQ$190,0)) -> 0.62068966 | G204: =INDEX(AA$5:AA$190,MATCH(LARGE(AQ$5:AQ$190,10),AQ$5:AQ$190,0)) -> 0.5 | H204: =INDEX(AB$5:AB$190,MATCH(LARGE(AQ$5:AQ$190,10),AQ$5:AQ$190,0)) -> 0 | I204: =INDEX(AC$5:AC$190,MATCH(LARGE(AQ$5:AQ$190,10),AQ$5:AQ$190,0)) -> 0.45854146 | J204: =INDEX(AD$5:AD$190,MATCH(LARGE(AQ$5:AQ$190,10),AQ$5:AQ$190,0)) -> 0.16552409 | K204: =INDEX(AE$5:AE$190,MATCH(LARGE(AQ$5:AQ$190,10),AQ$5:AQ$190,0)) -> 0.30141586 | L204: =INDEX(AF$5:AF$190,MATCH(LARGE(AQ$5:AQ$190,10),AQ$5:AQ$190,0)) -> 0.31891892 | M204: =INDEX(AG$5:AG$190,MATCH(LARGE(AQ$5:AQ$190,10),AQ$5:AQ$190,0)) -> 0.57142857 | N204: =INDEX(AH$5:AH$190,MATCH(LARGE(AQ$5:AQ$190,10),AQ$5:AQ$190,0)) -> 0.27999345 | O204: =INDEX(AI$5:AI$190,MATCH(LARGE(AQ$5:AQ$190,10),AQ$5:AQ$190,0)) -> 1 | P204: =INDEX(AJ$5:AJ$190,MATCH(LARGE(AQ$5:AQ$190,10),AQ$5:AQ$190,0)) -> 0.33333333 | Q204: =INDEX(AK$5:AK$190,MATCH(LARGE(AQ$5:AQ$190,10),AQ$5:AQ$190,0)) -> 0.37878788 | R204: =INDEX(AL$5:AL$190,MATCH(LARGE(AQ$5:AQ$190,10),AQ$5:AQ$190,0)) -> 0.44630441 | S204: =INDEX(AM$5:AM$190,MATCH(LARGE(AQ$5:AQ$190,10),AQ$5:AQ$190,0)) -> 0.83333333 | T204: =INDEX(AN$5:AN$190,MATCH(LARGE(AQ$5:AQ$190,10),AQ$5:AQ$190,0)) -> 0.25806452 | U204: =INDEX(AO$5:AO$190,MATCH(LARGE(AQ$5:AQ$190,10),AQ$5:AQ$190,0)) -> 0.16666667 | V204: =INDEX(AP$5:AP$190,MATCH(LARGE(AQ$5:AQ$190,10),AQ$5:AQ$190,0)) -> 0.25
A205: 11 | B205: =INDEX($A$5:$A$190,MATCH(LARGE(AQ$5:AQ$190,11),AQ$5:AQ$190,0)) -> BoardWindow: show(char[][], char[][], List<IPosition>, List<IPosition>) | C205: =INDEX(W$5:W$190,MATCH(LARGE(AQ$5:AQ$190,11),AQ$5:AQ$190,0)) -> 0.052631579 | D205: =INDEX(X$5:X$190,MATCH(LARGE(AQ$5:AQ$190,11),AQ$5:AQ$190,0)) -> 0.025 | E205: =INDEX(Y$5:Y$190,MATCH(LARGE(AQ$5:AQ$190,11),AQ$5:AQ$190,0)) -> 0.4545 | F205: =INDEX(Z$5:Z$190,MATCH(LARGE(AQ$5:AQ$190,11),AQ$5:AQ$190,0)) -> 0.34482759 | G205: =INDEX(AA$5:AA$190,MATCH(LARGE(AQ$5:AQ$190,11),AQ$5:AQ$190,0)) -> 0.25 | H205: =INDEX(AB$5:AB$190,MATCH(LARGE(AQ$5:AQ$190,11),AQ$5:AQ$190,0)) -> 0.8 | I205: =INDEX(AC$5:AC$190,MATCH(LARGE(AQ$5:AQ$190,11),AQ$5:AQ$190,0)) -> 0.16697602 | J205: =INDEX(AD$5:AD$190,MATCH(LARGE(AQ$5:AQ$190,11),AQ$5:AQ$190,0)) -> 0.04275411 | K205: =INDEX(AE$5:AE$190,MATCH(LARGE(AQ$5:AQ$190,11),AQ$5:AQ$190,0)) -> 0.12225449 | L205: =INDEX(AF$5:AF$190,MATCH(LARGE(AQ$5:AQ$190,11),AQ$5:AQ$190,0)) -> 0.23783784 | M205: =INDEX(AG$5:AG$190,MATCH(LARGE(AQ$5:AQ$190,11),AQ$5:AQ$190,0)) -> 0.46938776 | N205: =INDEX(AH$5:AH$190,MATCH(LARGE(AQ$5:AQ$190,11),AQ$5:AQ$190,0)) -> 0.19860466 | O205: =INDEX(AI$5:AI$190,MATCH(LARGE(AQ$5:AQ$190,11),AQ$5:AQ$190,0)) -> 0.2857 | P205: =INDEX(AJ$5:AJ$190,MATCH(LARGE(AQ$5:AQ$190,11),AQ$5:AQ$190,0)) -> 0 | Q205: =INDEX(AK$5:AK$190,MATCH(LARGE(AQ$5:AQ$190,11),AQ$5:AQ$190,0)) -> 0.22727273 | R205: =INDEX(AL$5:AL$190,MATCH(LARGE(AQ$5:AQ$190,11),AQ$5:AQ$190,0)) -> 0.51023966 | S205: =INDEX(AM$5:AM$190,MATCH(LARGE(AQ$5:AQ$190,11),AQ$5:AQ$190,0)) -> 0.33333333 | T205: =INDEX(AN$5:AN$190,MATCH(LARGE(AQ$5:AQ$190,11),AQ$5:AQ$190,0)) -> 0.5483871 | U205: =INDEX(AO$5:AO$190,MATCH(LARGE(AQ$5:AQ$190,11),AQ$5:AQ$190,0)) -> 0 | V205: =INDEX(AP$5:AP$190,MATCH(LARGE(AQ$5:AQ$190,11),AQ$5:AQ$190,0)) -> 1
A206: 12 | B206: =INDEX($A$5:$A$190,MATCH(LARGE(AQ$5:AQ$190,12),AQ$5:AQ$190,0)) -> PdfExporter: exportGameReport(IGame, String) | C206: =INDEX(W$5:W$190,MATCH(LARGE(AQ$5:AQ$190,12),AQ$5:AQ$190,0)) -> 0.052631579 | D206: =INDEX(X$5:X$190,MATCH(LARGE(AQ$5:AQ$190,12),AQ$5:AQ$190,0)) -> 0.025 | E206: =INDEX(Y$5:Y$190,MATCH(LARGE(AQ$5:AQ$190,12),AQ$5:AQ$190,0)) -> 0.2632 | F206: =INDEX(Z$5:Z$190,MATCH(LARGE(AQ$5:AQ$190,12),AQ$5:AQ$190,0)) -> 0.62068966 | G206: =INDEX(AA$5:AA$190,MATCH(LARGE(AQ$5:AQ$190,12),AQ$5:AQ$190,0)) -> 0 | H206: =INDEX(AB$5:AB$190,MATCH(LARGE(AQ$5:AQ$190,12),AQ$5:AQ$190,0)) -> 1 | I206: =INDEX(AC$5:AC$190,MATCH(LARGE(AQ$5:AQ$190,12),AQ$5:AQ$190,0)) -> 0.28971029 | J206: =INDEX(AD$5:AD$190,MATCH(LARGE(AQ$5:AQ$190,12),AQ$5:AQ$190,0)) -> 0.083309085 | K206: =INDEX(AE$5:AE$190,MATCH(LARGE(AQ$5:AQ$190,12),AQ$5:AQ$190,0)) -> 0.19077873 | L206: =INDEX(AF$5:AF$190,MATCH(LARGE(AQ$5:AQ$190,12),AQ$5:AQ$190,0)) -> 0.25405405 | M206: =INDEX(AG$5:AG$190,MATCH(LARGE(AQ$5:AQ$190,12),AQ$5:AQ$190,0)) -> 0.57142857 | N206: =INDEX(AH$5:AH$190,MATCH(LARGE(AQ$5:AQ$190,12),AQ$5:AQ$190,0)) -> 0.22304564 | O206: =INDEX(AI$5:AI$190,MATCH(LARGE(AQ$5:AQ$190,12),AQ$5:AQ$190,0)) -> 0 | P206: =INDEX(AJ$5:AJ$190,MATCH(LARGE(AQ$5:AQ$190,12),AQ$5:AQ$190,0)) -> 0 | Q206: =INDEX(AK$5:AK$190,MATCH(LARGE(AQ$5:AQ$190,12),AQ$5:AQ$190,0)) -> 0.25757576 | R206: =INDEX(AL$5:AL$190,MATCH(LARGE(AQ$5:AQ$190,12),AQ$5:AQ$190,0)) -> 0.49422349 | S206: =INDEX(AM$5:AM$190,MATCH(LARGE(AQ$5:AQ$190,12),AQ$5:AQ$190,0)) -> 0.33333333 | T206: =INDEX(AN$5:AN$190,MATCH(LARGE(AQ$5:AQ$190,12),AQ$5:AQ$190,0)) -> 0.4516129 | U206: =INDEX(AO$5:AO$190,MATCH(LARGE(AQ$5:AQ$190,12),AQ$5:AQ$190,0)) -> 0 | V206: =INDEX(AP$5:AP$190,MATCH(LARGE(AQ$5:AQ$190,12),AQ$5:AQ$190,0)) -> 0.5
A207: 13 | B207: =INDEX($A$5:$A$190,MATCH(LARGE(AQ$5:AQ$190,13),AQ$5:AQ$190,0)) -> Game: fireSingleShot(IPosition, boolean) | C207: =INDEX(W$5:W$190,MATCH(LARGE(AQ$5:AQ$190,13),AQ$5:AQ$190,0)) -> 0.15789474 | D207: =INDEX(X$5:X$190,MATCH(LARGE(AQ$5:AQ$190,13),AQ$5:AQ$190,0)) -> 0.15 | E207: =INDEX(Y$5:Y$190,MATCH(LARGE(AQ$5:AQ$190,13),AQ$5:AQ$190,0)) -> 0.6 | F207: =INDEX(Z$5:Z$190,MATCH(LARGE(AQ$5:AQ$190,13),AQ$5:AQ$190,0)) -> 0.13793103 | G207: =INDEX(AA$5:AA$190,MATCH(LARGE(AQ$5:AQ$190,13),AQ$5:AQ$190,0)) -> 0.5 | H207: =INDEX(AB$5:AB$190,MATCH(LARGE(AQ$5:AQ$190,13),AQ$5:AQ$190,0)) -> 0 | I207: =INDEX(AC$5:AC$190,MATCH(LARGE(AQ$5:AQ$190,13),AQ$5:AQ$190,0)) -> 0.24702597 | J207: =INDEX(AD$5:AD$190,MATCH(LARGE(AQ$5:AQ$190,13),AQ$5:AQ$190,0)) -> 0.040035985 | K207: =INDEX(AE$5:AE$190,MATCH(LARGE(AQ$5:AQ$190,13),AQ$5:AQ$190,0)) -> 0.11699038 | L207: =INDEX(AF$5:AF$190,MATCH(LARGE(AQ$5:AQ$190,13),AQ$5:AQ$190,0)) -> 0.17297297 | M207: =INDEX(AG$5:AG$190,MATCH(LARGE(AQ$5:AQ$190,13),AQ$5:AQ$190,0)) -> 0.28571429 | N207: =INDEX(AH$5:AH$190,MATCH(LARGE(AQ$5:AQ$190,13),AQ$5:AQ$190,0)) -> 0.1257111 | O207: =INDEX(AI$5:AI$190,MATCH(LARGE(AQ$5:AQ$190,13),AQ$5:AQ$190,0)) -> 1 | P207: =INDEX(AJ$5:AJ$190,MATCH(LARGE(AQ$5:AQ$190,13),AQ$5:AQ$190,0)) -> 0 | Q207: =INDEX(AK$5:AK$190,MATCH(LARGE(AQ$5:AQ$190,13),AQ$5:AQ$190,0)) -> 0.25 | R207: =INDEX(AL$5:AL$190,MATCH(LARGE(AQ$5:AQ$190,13),AQ$5:AQ$190,0)) -> 0.51385403 | S207: =INDEX(AM$5:AM$190,MATCH(LARGE(AQ$5:AQ$190,13),AQ$5:AQ$190,0)) -> 0.5 | T207: =INDEX(AN$5:AN$190,MATCH(LARGE(AQ$5:AQ$190,13),AQ$5:AQ$190,0)) -> 0.25806452 | U207: =INDEX(AO$5:AO$190,MATCH(LARGE(AQ$5:AQ$190,13),AQ$5:AQ$190,0)) -> 0 | V207: =INDEX(AP$5:AP$190,MATCH(LARGE(AQ$5:AQ$190,13),AQ$5:AQ$190,0)) -> 0.5
A208: 14 | B208: =INDEX($A$5:$A$190,MATCH(LARGE(AQ$5:AQ$190,14),AQ$5:AQ$190,0)) -> Scoreboard: displayScoreboard(int) | C208: =INDEX(W$5:W$190,MATCH(LARGE(AQ$5:AQ$190,14),AQ$5:AQ$190,0)) -> 0.13157895 | D208: =INDEX(X$5:X$190,MATCH(LARGE(AQ$5:AQ$190,14),AQ$5:AQ$190,0)) -> 0.125 | E208: =INDEX(Y$5:Y$190,MATCH(LARGE(AQ$5:AQ$190,14),AQ$5:AQ$190,0)) -> 0.5714 | F208: =INDEX(Z$5:Z$190,MATCH(LARGE(AQ$5:AQ$190,14),AQ$5:AQ$190,0)) -> 0.44827586 | G208: =INDEX(AA$5:AA$190,MATCH(LARGE(AQ$5:AQ$190,14),AQ$5:AQ$190,0)) -> 0.25 | H208: =INDEX(AB$5:AB$190,MATCH(LARGE(AQ$5:AQ$190,14),AQ$5:AQ$190,0)) -> 0.4 | I208: =INDEX(AC$5:AC$190,MATCH(LARGE(AQ$5:AQ$190,14),AQ$5:AQ$190,0)) -> 0.2013986 | J208: =INDEX(AD$5:AD$190,MATCH(LARGE(AQ$5:AQ$190,14),AQ$5:AQ$190,0)) -> 0.048249299 | K208: =INDEX(AE$5:AE$190,MATCH(LARGE(AQ$5:AQ$190,14),AQ$5:AQ$190,0)) -> 0.13251044 | L208: =INDEX(AF$5:AF$190,MATCH(LARGE(AQ$5:AQ$190,14),AQ$5:AQ$190,0)) -> 0.21891892 | M208: =INDEX(AG$5:AG$190,MATCH(LARGE(AQ$5:AQ$190,14),AQ$5:AQ$190,0)) -> 0.5 | N208: =INDEX(AH$5:AH$190,MATCH(LARGE(AQ$5:AQ$190,14),AQ$5:AQ$190,0)) -> 0.18582315 | O208: =INDEX(AI$5:AI$190,MATCH(LARGE(AQ$5:AQ$190,14),AQ$5:AQ$190,0)) -> 0.3333 | P208: =INDEX(AJ$5:AJ$190,MATCH(LARGE(AQ$5:AQ$190,14),AQ$5:AQ$190,0)) -> 0 | Q208: =INDEX(AK$5:AK$190,MATCH(LARGE(AQ$5:AQ$190,14),AQ$5:AQ$190,0)) -> 0.33333333 | R208: =INDEX(AL$5:AL$190,MATCH(LARGE(AQ$5:AQ$190,14),AQ$5:AQ$190,0)) -> 0.47323573 | S208: =INDEX(AM$5:AM$190,MATCH(LARGE(AQ$5:AQ$190,14),AQ$5:AQ$190,0)) -> 0.33333333 | T208: =INDEX(AN$5:AN$190,MATCH(LARGE(AQ$5:AQ$190,14),AQ$5:AQ$190,0)) -> 0.41935484 | U208: =INDEX(AO$5:AO$190,MATCH(LARGE(AQ$5:AQ$190,14),AQ$5:AQ$190,0)) -> 0 | V208: =INDEX(AP$5:AP$190,MATCH(LARGE(AQ$5:AQ$190,14),AQ$5:AQ$190,0)) -> 0.25
A209: 15 | B209: =INDEX($A$5:$A$190,MATCH(LARGE(AQ$5:AQ$190,15),AQ$5:AQ$190,0)) -> Tasks: buildFleet(Scanner) | C209: =INDEX(W$5:W$190,MATCH(LARGE(AQ$5:AQ$190,15),AQ$5:AQ$190,0)) -> 0.10526316 | D209: =INDEX(X$5:X$190,MATCH(LARGE(AQ$5:AQ$190,15),AQ$5:AQ$190,0)) -> 0.125 | E209: =INDEX(Y$5:Y$190,MATCH(LARGE(AQ$5:AQ$190,15),AQ$5:AQ$190,0)) -> 0.375 | F209: =INDEX(Z$5:Z$190,MATCH(LARGE(AQ$5:AQ$190,15),AQ$5:AQ$190,0)) -> 0.24137931 | G209: =INDEX(AA$5:AA$190,MATCH(LARGE(AQ$5:AQ$190,15),AQ$5:AQ$190,0)) -> 0.5 | H209: =INDEX(AB$5:AB$190,MATCH(LARGE(AQ$5:AQ$190,15),AQ$5:AQ$190,0)) -> 0.2 | I209: =INDEX(AC$5:AC$190,MATCH(LARGE(AQ$5:AQ$190,15),AQ$5:AQ$190,0)) -> 0.20104895 | J209: =INDEX(AD$5:AD$190,MATCH(LARGE(AQ$5:AQ$190,15),AQ$5:AQ$190,0)) -> 0.025109086 | K209: =INDEX(AE$5:AE$190,MATCH(LARGE(AQ$5:AQ$190,15),AQ$5:AQ$190,0)) -> 0.085768742 | L209: =INDEX(AF$5:AF$190,MATCH(LARGE(AQ$5:AQ$190,15),AQ$5:AQ$190,0)) -> 0.12702703 | M209: =INDEX(AG$5:AG$190,MATCH(LARGE(AQ$5:AQ$190,15),AQ$5:AQ$190,0)) -> 0.33673469 | N209: =INDEX(AH$5:AH$190,MATCH(LARGE(AQ$5:AQ$190,15),AQ$5:AQ$190,0)) -> 0.096871118 | O209: =INDEX(AI$5:AI$190,MATCH(LARGE(AQ$5:AQ$190,15),AQ$5:AQ$190,0)) -> 0.5 | P209: =INDEX(AJ$5:AJ$190,MATCH(LARGE(AQ$5:AQ$190,15),AQ$5:AQ$190,0)) -> 0.33333333 | Q209: =INDEX(AK$5:AK$190,MATCH(LARGE(AQ$5:AQ$190,15),AQ$5:AQ$190,0)) -> 0.18939394 | R209: =INDEX(AL$5:AL$190,MATCH(LARGE(AQ$5:AQ$190,15),AQ$5:AQ$190,0)) -> 0.55009897 | S209: =INDEX(AM$5:AM$190,MATCH(LARGE(AQ$5:AQ$190,15),AQ$5:AQ$190,0)) -> 0.5 | T209: =INDEX(AN$5:AN$190,MATCH(LARGE(AQ$5:AQ$190,15),AQ$5:AQ$190,0)) -> 0.22580645 | U209: =INDEX(AO$5:AO$190,MATCH(LARGE(AQ$5:AQ$190,15),AQ$5:AQ$190,0)) -> 0.083333333 | V209: =INDEX(AP$5:AP$190,MATCH(LARGE(AQ$5:AQ$190,15),AQ$5:AQ$190,0)) -> 0.25
A210: 16 | B210: =INDEX($A$5:$A$190,MATCH(LARGE(AQ$5:AQ$190,16),AQ$5:AQ$190,0)) -> Caravel: Caravel(Compass, IPosition) | C210: =INDEX(W$5:W$190,MATCH(LARGE(AQ$5:AQ$190,16),AQ$5:AQ$190,0)) -> 0.23684211 | D210: =INDEX(X$5:X$190,MATCH(LARGE(AQ$5:AQ$190,16),AQ$5:AQ$190,0)) -> 0.125 | E210: =INDEX(Y$5:Y$190,MATCH(LARGE(AQ$5:AQ$190,16),AQ$5:AQ$190,0)) -> 0.5 | F210: =INDEX(Z$5:Z$190,MATCH(LARGE(AQ$5:AQ$190,16),AQ$5:AQ$190,0)) -> 0.20689655 | G210: =INDEX(AA$5:AA$190,MATCH(LARGE(AQ$5:AQ$190,16),AQ$5:AQ$190,0)) -> 0 | H210: =INDEX(AB$5:AB$190,MATCH(LARGE(AQ$5:AQ$190,16),AQ$5:AQ$190,0)) -> 0.2 | I210: =INDEX(AC$5:AC$190,MATCH(LARGE(AQ$5:AQ$190,16),AQ$5:AQ$190,0)) -> 0.26973027 | J210: =INDEX(AD$5:AD$190,MATCH(LARGE(AQ$5:AQ$190,16),AQ$5:AQ$190,0)) -> 0.064193443 | K210: =INDEX(AE$5:AE$190,MATCH(LARGE(AQ$5:AQ$190,16),AQ$5:AQ$190,0)) -> 0.16028317 | L210: =INDEX(AF$5:AF$190,MATCH(LARGE(AQ$5:AQ$190,16),AQ$5:AQ$190,0)) -> 0.25135135 | M210: =INDEX(AG$5:AG$190,MATCH(LARGE(AQ$5:AQ$190,16),AQ$5:AQ$190,0)) -> 0.29591837 | N210: =INDEX(AH$5:AH$190,MATCH(LARGE(AQ$5:AQ$190,16),AQ$5:AQ$190,0)) -> 0.18459767 | O210: =INDEX(AI$5:AI$190,MATCH(LARGE(AQ$5:AQ$190,16),AQ$5:AQ$190,0)) -> 0 | P210: =INDEX(AJ$5:AJ$190,MATCH(LARGE(AQ$5:AQ$190,16),AQ$5:AQ$190,0)) -> 0.33333333 | Q210: =INDEX(AK$5:AK$190,MATCH(LARGE(AQ$5:AQ$190,16),AQ$5:AQ$190,0)) -> 0.20454545 | R210: =INDEX(AL$5:AL$190,MATCH(LARGE(AQ$5:AQ$190,16),AQ$5:AQ$190,0)) -> 0.52092199 | S210: =INDEX(AM$5:AM$190,MATCH(LARGE(AQ$5:AQ$190,16),AQ$5:AQ$190,0)) -> 0.33333333 | T210: =INDEX(AN$5:AN$190,MATCH(LARGE(AQ$5:AQ$190,16),AQ$5:AQ$190,0)) -> 0.32258065 | U210: =INDEX(AO$5:AO$190,MATCH(LARGE(AQ$5:AQ$190,16),AQ$5:AQ$190,0)) -> 0.33333333 | V210: =INDEX(AP$5:AP$190,MATCH(LARGE(AQ$5:AQ$190,16),AQ$5:AQ$190,0)) -> 0.5
A211: 17 | B211: =INDEX($A$5:$A$190,MATCH(LARGE(AQ$5:AQ$190,17),AQ$5:AQ$190,0)) -> Caravel: Caravel(Compass, IPosition) | C211: =INDEX(W$5:W$190,MATCH(LARGE(AQ$5:AQ$190,17),AQ$5:AQ$190,0)) -> 0.23684211 | D211: =INDEX(X$5:X$190,MATCH(LARGE(AQ$5:AQ$190,17),AQ$5:AQ$190,0)) -> 0.125 | E211: =INDEX(Y$5:Y$190,MATCH(LARGE(AQ$5:AQ$190,17),AQ$5:AQ$190,0)) -> 0.5 | F211: =INDEX(Z$5:Z$190,MATCH(LARGE(AQ$5:AQ$190,17),AQ$5:AQ$190,0)) -> 0.20689655 | G211: =INDEX(AA$5:AA$190,MATCH(LARGE(AQ$5:AQ$190,17),AQ$5:AQ$190,0)) -> 0 | H211: =INDEX(AB$5:AB$190,MATCH(LARGE(AQ$5:AQ$190,17),AQ$5:AQ$190,0)) -> 0.2 | I211: =INDEX(AC$5:AC$190,MATCH(LARGE(AQ$5:AQ$190,17),AQ$5:AQ$190,0)) -> 0.26973027 | J211: =INDEX(AD$5:AD$190,MATCH(LARGE(AQ$5:AQ$190,17),AQ$5:AQ$190,0)) -> 0.064193443 | K211: =INDEX(AE$5:AE$190,MATCH(LARGE(AQ$5:AQ$190,17),AQ$5:AQ$190,0)) -> 0.16028317 | L211: =INDEX(AF$5:AF$190,MATCH(LARGE(AQ$5:AQ$190,17),AQ$5:AQ$190,0)) -> 0.25135135 | M211: =INDEX(AG$5:AG$190,MATCH(LARGE(AQ$5:AQ$190,17),AQ$5:AQ$190,0)) -> 0.29591837 | N211: =INDEX(AH$5:AH$190,MATCH(LARGE(AQ$5:AQ$190,17),AQ$5:AQ$190,0)) -> 0.18459767 | O211: =INDEX(AI$5:AI$190,MATCH(LARGE(AQ$5:AQ$190,17),AQ$5:AQ$190,0)) -> 0 | P211: =INDEX(AJ$5:AJ$190,MATCH(LARGE(AQ$5:AQ$190,17),AQ$5:AQ$190,0)) -> 0.33333333 | Q211: =INDEX(AK$5:AK$190,MATCH(LARGE(AQ$5:AQ$190,17),AQ$5:AQ$190,0)) -> 0.20454545 | R211: =INDEX(AL$5:AL$190,MATCH(LARGE(AQ$5:AQ$190,17),AQ$5:AQ$190,0)) -> 0.52092199 | S211: =INDEX(AM$5:AM$190,MATCH(LARGE(AQ$5:AQ$190,17),AQ$5:AQ$190,0)) -> 0.33333333 | T211: =INDEX(AN$5:AN$190,MATCH(LARGE(AQ$5:AQ$190,17),AQ$5:AQ$190,0)) -> 0.32258065 | U211: =INDEX(AO$5:AO$190,MATCH(LARGE(AQ$5:AQ$190,17),AQ$5:AQ$190,0)) -> 0.33333333 | V211: =INDEX(AP$5:AP$190,MATCH(LARGE(AQ$5:AQ$190,17),AQ$5:AQ$190,0)) -> 0.5
A212: 18 | B212: =INDEX($A$5:$A$190,MATCH(LARGE(AQ$5:AQ$190,18),AQ$5:AQ$190,0)) -> Caravel: Caravel(Compass, IPosition) | C212: =INDEX(W$5:W$190,MATCH(LARGE(AQ$5:AQ$190,18),AQ$5:AQ$190,0)) -> 0.23684211 | D212: =INDEX(X$5:X$190,MATCH(LARGE(AQ$5:AQ$190,18),AQ$5:AQ$190,0)) -> 0.125 | E212: =INDEX(Y$5:Y$190,MATCH(LARGE(AQ$5:AQ$190,18),AQ$5:AQ$190,0)) -> 0.5 | F212: =INDEX(Z$5:Z$190,MATCH(LARGE(AQ$5:AQ$190,18),AQ$5:AQ$190,0)) -> 0.20689655 | G212: =INDEX(AA$5:AA$190,MATCH(LARGE(AQ$5:AQ$190,18),AQ$5:AQ$190,0)) -> 0 | H212: =INDEX(AB$5:AB$190,MATCH(LARGE(AQ$5:AQ$190,18),AQ$5:AQ$190,0)) -> 0.2 | I212: =INDEX(AC$5:AC$190,MATCH(LARGE(AQ$5:AQ$190,18),AQ$5:AQ$190,0)) -> 0.26973027 | J212: =INDEX(AD$5:AD$190,MATCH(LARGE(AQ$5:AQ$190,18),AQ$5:AQ$190,0)) -> 0.064193443 | K212: =INDEX(AE$5:AE$190,MATCH(LARGE(AQ$5:AQ$190,18),AQ$5:AQ$190,0)) -> 0.16028317 | L212: =INDEX(AF$5:AF$190,MATCH(LARGE(AQ$5:AQ$190,18),AQ$5:AQ$190,0)) -> 0.25135135 | M212: =INDEX(AG$5:AG$190,MATCH(LARGE(AQ$5:AQ$190,18),AQ$5:AQ$190,0)) -> 0.29591837 | N212: =INDEX(AH$5:AH$190,MATCH(LARGE(AQ$5:AQ$190,18),AQ$5:AQ$190,0)) -> 0.18459767 | O212: =INDEX(AI$5:AI$190,MATCH(LARGE(AQ$5:AQ$190,18),AQ$5:AQ$190,0)) -> 0 | P212: =INDEX(AJ$5:AJ$190,MATCH(LARGE(AQ$5:AQ$190,18),AQ$5:AQ$190,0)) -> 0.33333333 | Q212: =INDEX(AK$5:AK$190,MATCH(LARGE(AQ$5:AQ$190,18),AQ$5:AQ$190,0)) -> 0.20454545 | R212: =INDEX(AL$5:AL$190,MATCH(LARGE(AQ$5:AQ$190,18),AQ$5:AQ$190,0)) -> 0.52092199 | S212: =INDEX(AM$5:AM$190,MATCH(LARGE(AQ$5:AQ$190,18),AQ$5:AQ$190,0)) -> 0.33333333 | T212: =INDEX(AN$5:AN$190,MATCH(LARGE(AQ$5:AQ$190,18),AQ$5:AQ$190,0)) -> 0.32258065 | U212: =INDEX(AO$5:AO$190,MATCH(LARGE(AQ$5:AQ$190,18),AQ$5:AQ$190,0)) -> 0.33333333 | V212: =INDEX(AP$5:AP$190,MATCH(LARGE(AQ$5:AQ$190,18),AQ$5:AQ$190,0)) -> 0.5
A213: 19 | B213: =INDEX($A$5:$A$190,MATCH(LARGE(AQ$5:AQ$190,19),AQ$5:AQ$190,0)) -> Ship: Ship(String, Compass, IPosition, int) | C213: =INDEX(W$5:W$190,MATCH(LARGE(AQ$5:AQ$190,19),AQ$5:AQ$190,0)) -> 0.026315789 | D213: =INDEX(X$5:X$190,MATCH(LARGE(AQ$5:AQ$190,19),AQ$5:AQ$190,0)) -> 0 | E213: =INDEX(Y$5:Y$190,MATCH(LARGE(AQ$5:AQ$190,19),AQ$5:AQ$190,0)) -> 1 | F213: =INDEX(Z$5:Z$190,MATCH(LARGE(AQ$5:AQ$190,19),AQ$5:AQ$190,0)) -> 0.034482759 | G213: =INDEX(AA$5:AA$190,MATCH(LARGE(AQ$5:AQ$190,19),AQ$5:AQ$190,0)) -> 0 | H213: =INDEX(AB$5:AB$190,MATCH(LARGE(AQ$5:AQ$190,19),AQ$5:AQ$190,0)) -> 0 | I213: =INDEX(AC$5:AC$190,MATCH(LARGE(AQ$5:AQ$190,19),AQ$5:AQ$190,0)) -> 0.037462537 | J213: =INDEX(AD$5:AD$190,MATCH(LARGE(AQ$5:AQ$190,19),AQ$5:AQ$190,0)) -> 0.0025005467 | K213: =INDEX(AE$5:AE$190,MATCH(LARGE(AQ$5:AQ$190,19),AQ$5:AQ$190,0)) -> 0.018424396 | L213: =INDEX(AF$5:AF$190,MATCH(LARGE(AQ$5:AQ$190,19),AQ$5:AQ$190,0)) -> 0.083783784 | M213: =INDEX(AG$5:AG$190,MATCH(LARGE(AQ$5:AQ$190,19),AQ$5:AQ$190,0)) -> 0.17346939 | N213: =INDEX(AH$5:AH$190,MATCH(LARGE(AQ$5:AQ$190,19),AQ$5:AQ$190,0)) -> 0.05177294 | O213: =INDEX(AI$5:AI$190,MATCH(LARGE(AQ$5:AQ$190,19),AQ$5:AQ$190,0)) -> 1 | P213: =INDEX(AJ$5:AJ$190,MATCH(LARGE(AQ$5:AQ$190,19),AQ$5:AQ$190,0)) -> 0 | Q213: =INDEX(AK$5:AK$190,MATCH(LARGE(AQ$5:AQ$190,19),AQ$5:AQ$190,0)) -> 0.14393939 | R213: =INDEX(AL$5:AL$190,MATCH(LARGE(AQ$5:AQ$190,19),AQ$5:AQ$190,0)) -> 0.59924685 | S213: =INDEX(AM$5:AM$190,MATCH(LARGE(AQ$5:AQ$190,19),AQ$5:AQ$190,0)) -> 0.16666667 | T213: =INDEX(AN$5:AN$190,MATCH(LARGE(AQ$5:AQ$190,19),AQ$5:AQ$190,0)) -> 0.29032258 | U213: =INDEX(AO$5:AO$190,MATCH(LARGE(AQ$5:AQ$190,19),AQ$5:AQ$190,0)) -> 0 | V213: =INDEX(AP$5:AP$190,MATCH(LARGE(AQ$5:AQ$190,19),AQ$5:AQ$190,0)) -> 1
A214: 20 | B214: =INDEX($A$5:$A$190,MATCH(LARGE(AQ$5:AQ$190,20),AQ$5:AQ$190,0)) -> Game: fireSingleShotAtAlien(IPosition, boolean) | C214: =INDEX(W$5:W$190,MATCH(LARGE(AQ$5:AQ$190,20),AQ$5:AQ$190,0)) -> 0.13157895 | D214: =INDEX(X$5:X$190,MATCH(LARGE(AQ$5:AQ$190,20),AQ$5:AQ$190,0)) -> 0.1 | E214: =INDEX(Y$5:Y$190,MATCH(LARGE(AQ$5:AQ$190,20),AQ$5:AQ$190,0)) -> 0.6 | F214: =INDEX(Z$5:Z$190,MATCH(LARGE(AQ$5:AQ$190,20),AQ$5:AQ$190,0)) -> 0.13793103 | G214: =INDEX(AA$5:AA$190,MATCH(LARGE(AQ$5:AQ$190,20),AQ$5:AQ$190,0)) -> 0.25 | H214: =INDEX(AB$5:AB$190,MATCH(LARGE(AQ$5:AQ$190,20),AQ$5:AQ$190,0)) -> 0 | I214: =INDEX(AC$5:AC$190,MATCH(LARGE(AQ$5:AQ$190,20),AQ$5:AQ$190,0)) -> 0.288997 | J214: =INDEX(AD$5:AD$190,MATCH(LARGE(AQ$5:AQ$190,20),AQ$5:AQ$190,0)) -> 0.03462301 | K214: =INDEX(AE$5:AE$190,MATCH(LARGE(AQ$5:AQ$190,20),AQ$5:AQ$190,0)) -> 0.10618987 | L214: =INDEX(AF$5:AF$190,MATCH(LARGE(AQ$5:AQ$190,20),AQ$5:AQ$190,0)) -> 0.13783784 | M214: =INDEX(AG$5:AG$190,MATCH(LARGE(AQ$5:AQ$190,20),AQ$5:AQ$190,0)) -> 0.2244898 | N214: =INDEX(AH$5:AH$190,MATCH(LARGE(AQ$5:AQ$190,20),AQ$5:AQ$190,0)) -> 0.092925979 | O214: =INDEX(AI$5:AI$190,MATCH(LARGE(AQ$5:AQ$190,20),AQ$5:AQ$190,0)) -> 1 | P214: =INDEX(AJ$5:AJ$190,MATCH(LARGE(AQ$5:AQ$190,20),AQ$5:AQ$190,0)) -> 0 | Q214: =INDEX(AK$5:AK$190,MATCH(LARGE(AQ$5:AQ$190,20),AQ$5:AQ$190,0)) -> 0.14393939 | R214: =INDEX(AL$5:AL$190,MATCH(LARGE(AQ$5:AQ$190,20),AQ$5:AQ$190,0)) -> 0.57829772 | S214: =INDEX(AM$5:AM$190,MATCH(LARGE(AQ$5:AQ$190,20),AQ$5:AQ$190,0)) -> 0.16666667 | T214: =INDEX(AN$5:AN$190,MATCH(LARGE(AQ$5:AQ$190,20),AQ$5:AQ$190,0)) -> 0.12903226 | U214: =INDEX(AO$5:AO$190,MATCH(LARGE(AQ$5:AQ$190,20),AQ$5:AQ$190,0)) -> 0 | V214: =INDEX(AP$5:AP$190,MATCH(LARGE(AQ$5:AQ$190,20),AQ$5:AQ$190,0)) -> 0.5
A215: 21 | B215: =INDEX($A$5:$A$190,MATCH(LARGE(AQ$5:AQ$190,21),AQ$5:AQ$190,0)) -> Game: fireShots(List<IPosition>) | C215: =INDEX(W$5:W$190,MATCH(LARGE(AQ$5:AQ$190,21),AQ$5:AQ$190,0)) -> 0.078947368 | D215: =INDEX(X$5:X$190,MATCH(LARGE(AQ$5:AQ$190,21),AQ$5:AQ$190,0)) -> 0.05 | E215: =INDEX(Y$5:Y$190,MATCH(LARGE(AQ$5:AQ$190,21),AQ$5:AQ$190,0)) -> 0.4 | F215: =INDEX(Z$5:Z$190,MATCH(LARGE(AQ$5:AQ$190,21),AQ$5:AQ$190,0)) -> 0.13793103 | G215: =INDEX(AA$5:AA$190,MATCH(LARGE(AQ$5:AQ$190,21),AQ$5:AQ$190,0)) -> 0.25 | H215: =INDEX(AB$5:AB$190,MATCH(LARGE(AQ$5:AQ$190,21),AQ$5:AQ$190,0)) -> 0 | I215: =INDEX(AC$5:AC$190,MATCH(LARGE(AQ$5:AQ$190,21),AQ$5:AQ$190,0)) -> 0.1282048 | J215: =INDEX(AD$5:AD$190,MATCH(LARGE(AQ$5:AQ$190,21),AQ$5:AQ$190,0)) -> 0.013332617 | K215: =INDEX(AE$5:AE$190,MATCH(LARGE(AQ$5:AQ$190,21),AQ$5:AQ$190,0)) -> 0.056180795 | L215: =INDEX(AF$5:AF$190,MATCH(LARGE(AQ$5:AQ$190,21),AQ$5:AQ$190,0)) -> 0.11351351 | M215: =INDEX(AG$5:AG$190,MATCH(LARGE(AQ$5:AQ$190,21),AQ$5:AQ$190,0)) -> 0.26530612 | N215: =INDEX(AH$5:AH$190,MATCH(LARGE(AQ$5:AQ$190,21),AQ$5:AQ$190,0)) -> 0.080663179 | O215: =INDEX(AI$5:AI$190,MATCH(LARGE(AQ$5:AQ$190,21),AQ$5:AQ$190,0)) -> 1 | P215: =INDEX(AJ$5:AJ$190,MATCH(LARGE(AQ$5:AQ$190,21),AQ$5:AQ$190,0)) -> 0.33333333 | Q215: =INDEX(AK$5:AK$190,MATCH(LARGE(AQ$5:AQ$190,21),AQ$5:AQ$190,0)) -> 0.22727273 | R215: =INDEX(AL$5:AL$190,MATCH(LARGE(AQ$5:AQ$190,21),AQ$5:AQ$190,0)) -> 0.53833923 | S215: =INDEX(AM$5:AM$190,MATCH(LARGE(AQ$5:AQ$190,21),AQ$5:AQ$190,0)) -> 0.33333333 | T215: =INDEX(AN$5:AN$190,MATCH(LARGE(AQ$5:AQ$190,21),AQ$5:AQ$190,0)) -> 0.25806452 | U215: =INDEX(AO$5:AO$190,MATCH(LARGE(AQ$5:AQ$190,21),AQ$5:AQ$190,0)) -> 0.083333333 | V215: =INDEX(AP$5:AP$190,MATCH(LARGE(AQ$5:AQ$190,21),AQ$5:AQ$190,0)) -> 0.25
A216: 22 | B216: =INDEX($A$5:$A$190,MATCH(LARGE(AQ$5:AQ$190,22),AQ$5:AQ$190,0)) -> Game: fireShotsAtAlien(List<IPosition>) | C216: =INDEX(W$5:W$190,MATCH(LARGE(AQ$5:AQ$190,22),AQ$5:AQ$190,0)) -> 0.078947368 | D216: =INDEX(X$5:X$190,MATCH(LARGE(AQ$5:AQ$190,22),AQ$5:AQ$190,0)) -> 0.05 | E216: =INDEX(Y$5:Y$190,MATCH(LARGE(AQ$5:AQ$190,22),AQ$5:AQ$190,0)) -> 0.4 | F216: =INDEX(Z$5:Z$190,MATCH(LARGE(AQ$5:AQ$190,22),AQ$5:AQ$190,0)) -> 0.13793103 | G216: =INDEX(AA$5:AA$190,MATCH(LARGE(AQ$5:AQ$190,22),AQ$5:AQ$190,0)) -> 0.25 | H216: =INDEX(AB$5:AB$190,MATCH(LARGE(AQ$5:AQ$190,22),AQ$5:AQ$190,0)) -> 0 | I216: =INDEX(AC$5:AC$190,MATCH(LARGE(AQ$5:AQ$190,22),AQ$5:AQ$190,0)) -> 0.1282048 | J216: =INDEX(AD$5:AD$190,MATCH(LARGE(AQ$5:AQ$190,22),AQ$5:AQ$190,0)) -> 0.013332617 | K216: =INDEX(AE$5:AE$190,MATCH(LARGE(AQ$5:AQ$190,22),AQ$5:AQ$190,0)) -> 0.056180795 | L216: =INDEX(AF$5:AF$190,MATCH(LARGE(AQ$5:AQ$190,22),AQ$5:AQ$190,0)) -> 0.11351351 | M216: =INDEX(AG$5:AG$190,MATCH(LARGE(AQ$5:AQ$190,22),AQ$5:AQ$190,0)) -> 0.26530612 | N216: =INDEX(AH$5:AH$190,MATCH(LARGE(AQ$5:AQ$190,22),AQ$5:AQ$190,0)) -> 0.080663179 | O216: =INDEX(AI$5:AI$190,MATCH(LARGE(AQ$5:AQ$190,22),AQ$5:AQ$190,0)) -> 1 | P216: =INDEX(AJ$5:AJ$190,MATCH(LARGE(AQ$5:AQ$190,22),AQ$5:AQ$190,0)) -> 0.33333333 | Q216: =INDEX(AK$5:AK$190,MATCH(LARGE(AQ$5:AQ$190,22),AQ$5:AQ$190,0)) -> 0.16666667 | R216: =INDEX(AL$5:AL$190,MATCH(LARGE(AQ$5:AQ$190,22),AQ$5:AQ$190,0)) -> 0.56901541 | S216: =INDEX(AM$5:AM$190,MATCH(LARGE(AQ$5:AQ$190,22),AQ$5:AQ$190,0)) -> 0.33333333 | T216: =INDEX(AN$5:AN$190,MATCH(LARGE(AQ$5:AQ$190,22),AQ$5:AQ$190,0)) -> 0.25806452 | U216: =INDEX(AO$5:AO$190,MATCH(LARGE(AQ$5:AQ$190,22),AQ$5:AQ$190,0)) -> 0.083333333 | V216: =INDEX(AP$5:AP$190,MATCH(LARGE(AQ$5:AQ$190,22),AQ$5:AQ$190,0)) -> 0.25
A217: 23 | B217: =INDEX($A$5:$A$190,MATCH(LARGE(AQ$5:AQ$190,23),AQ$5:AQ$190,0)) -> Fleet: getShipsLike(String) | C217: =INDEX(W$5:W$190,MATCH(LARGE(AQ$5:AQ$190,23),AQ$5:AQ$190,0)) -> 0.078947368 | D217: =INDEX(X$5:X$190,MATCH(LARGE(AQ$5:AQ$190,23),AQ$5:AQ$190,0)) -> 0.05 | E217: =INDEX(Y$5:Y$190,MATCH(LARGE(AQ$5:AQ$190,23),AQ$5:AQ$190,0)) -> 1 | F217: =INDEX(Z$5:Z$190,MATCH(LARGE(AQ$5:AQ$190,23),AQ$5:AQ$190,0)) -> 0.10344828 | G217: =INDEX(AA$5:AA$190,MATCH(LARGE(AQ$5:AQ$190,23),AQ$5:AQ$190,0)) -> 0.25 | H217: =INDEX(AB$5:AB$190,MATCH(LARGE(AQ$5:AQ$190,23),AQ$5:AQ$190,0)) -> 0 | I217: =INDEX(AC$5:AC$190,MATCH(LARGE(AQ$5:AQ$190,23),AQ$5:AQ$190,0)) -> 0.07992008 | J217: =INDEX(AD$5:AD$190,MATCH(LARGE(AQ$5:AQ$190,23),AQ$5:AQ$190,0)) -> 0.0029606144 | K217: =INDEX(AE$5:AE$190,MATCH(LARGE(AQ$5:AQ$190,23),AQ$5:AQ$190,0)) -> 0.02060265 | L217: =INDEX(AF$5:AF$190,MATCH(LARGE(AQ$5:AQ$190,23),AQ$5:AQ$190,0)) -> 0.048648649 | M217: =INDEX(AG$5:AG$190,MATCH(LARGE(AQ$5:AQ$190,23),AQ$5:AQ$190,0)) -> 0.15306122 | N217: =INDEX(AH$5:AH$190,MATCH(LARGE(AQ$5:AQ$190,23),AQ$5:AQ$190,0)) -> 0.028733667 | O217: =INDEX(AI$5:AI$190,MATCH(LARGE(AQ$5:AQ$190,23),AQ$5:AQ$190,0)) -> 1 | P217: =INDEX(AJ$5:AJ$190,MATCH(LARGE(AQ$5:AQ$190,23),AQ$5:AQ$190,0)) -> 0.33333333 | Q217: =INDEX(AK$5:AK$190,MATCH(LARGE(AQ$5:AQ$190,23),AQ$5:AQ$190,0)) -> 0.15909091 | R217: =INDEX(AL$5:AL$190,MATCH(LARGE(AQ$5:AQ$190,23),AQ$5:AQ$190,0)) -> 0.60646619 | S217: =INDEX(AM$5:AM$190,MATCH(LARGE(AQ$5:AQ$190,23),AQ$5:AQ$190,0)) -> 0.16666667 | T217: =INDEX(AN$5:AN$190,MATCH(LARGE(AQ$5:AQ$190,23),AQ$5:AQ$190,0)) -> 0.12903226 | U217: =INDEX(AO$5:AO$190,MATCH(LARGE(AQ$5:AQ$190,23),AQ$5:AQ$190,0)) -> 0.083333333 | V217: =INDEX(AP$5:AP$190,MATCH(LARGE(AQ$5:AQ$190,23),AQ$5:AQ$190,0)) -> 0.25
A218: 24 | B218: =INDEX($A$5:$A$190,MATCH(LARGE(AQ$5:AQ$190,24),AQ$5:AQ$190,0)) -> Ship: getAdjacentPositions() | C218: =INDEX(W$5:W$190,MATCH(LARGE(AQ$5:AQ$190,24),AQ$5:AQ$190,0)) -> 0.13157895 | D218: =INDEX(X$5:X$190,MATCH(LARGE(AQ$5:AQ$190,24),AQ$5:AQ$190,0)) -> 0.1 | E218: =INDEX(Y$5:Y$190,MATCH(LARGE(AQ$5:AQ$190,24),AQ$5:AQ$190,0)) -> 0.5 | F218: =INDEX(Z$5:Z$190,MATCH(LARGE(AQ$5:AQ$190,24),AQ$5:AQ$190,0)) -> 0.10344828 | G218: =INDEX(AA$5:AA$190,MATCH(LARGE(AQ$5:AQ$190,24),AQ$5:AQ$190,0)) -> 0.25 | H218: =INDEX(AB$5:AB$190,MATCH(LARGE(AQ$5:AQ$190,24),AQ$5:AQ$190,0)) -> 0 | I218: =INDEX(AC$5:AC$190,MATCH(LARGE(AQ$5:AQ$190,24),AQ$5:AQ$190,0)) -> 0.10989011 | J218: =INDEX(AD$5:AD$190,MATCH(LARGE(AQ$5:AQ$190,24),AQ$5:AQ$190,0)) -> 0.0052016354 | K218: =INDEX(AE$5:AE$190,MATCH(LARGE(AQ$5:AQ$190,24),AQ$5:AQ$190,0)) -> 0.03004175 | L218: =INDEX(AF$5:AF$190,MATCH(LARGE(AQ$5:AQ$190,24),AQ$5:AQ$190,0)) -> 0.062162162 | M218: =INDEX(AG$5:AG$190,MATCH(LARGE(AQ$5:AQ$190,24),AQ$5:AQ$190,0)) -> 0.15306122 | N218: =INDEX(AH$5:AH$190,MATCH(LARGE(AQ$5:AQ$190,24),AQ$5:AQ$190,0)) -> 0.036715264 | O218: =INDEX(AI$5:AI$190,MATCH(LARGE(AQ$5:AQ$190,24),AQ$5:AQ$190,0)) -> 1 | P218: =INDEX(AJ$5:AJ$190,MATCH(LARGE(AQ$5:AQ$190,24),AQ$5:AQ$190,0)) -> 0.66666667 | Q218: =INDEX(AK$5:AK$190,MATCH(LARGE(AQ$5:AQ$190,24),AQ$5:AQ$190,0)) -> 0.14393939 | R218: =INDEX(AL$5:AL$190,MATCH(LARGE(AQ$5:AQ$190,24),AQ$5:AQ$190,0)) -> 0.60802385 | S218: =INDEX(AM$5:AM$190,MATCH(LARGE(AQ$5:AQ$190,24),AQ$5:AQ$190,0)) -> 0.33333333 | T218: =INDEX(AN$5:AN$190,MATCH(LARGE(AQ$5:AQ$190,24),AQ$5:AQ$190,0)) -> 0.12903226 | U218: =INDEX(AO$5:AO$190,MATCH(LARGE(AQ$5:AQ$190,24),AQ$5:AQ$190,0)) -> 0.16666667 | V218: =INDEX(AP$5:AP$190,MATCH(LARGE(AQ$5:AQ$190,24),AQ$5:AQ$190,0)) -> 0
A219: 25 | B219: =INDEX($A$5:$A$190,MATCH(LARGE(AQ$5:AQ$190,25),AQ$5:AQ$190,0)) -> Game: jsonToShots(String) | C219: =INDEX(W$5:W$190,MATCH(LARGE(AQ$5:AQ$190,25),AQ$5:AQ$190,0)) -> 0.15789474 | D219: =INDEX(X$5:X$190,MATCH(LARGE(AQ$5:AQ$190,25),AQ$5:AQ$190,0)) -> 0.125 | E219: =INDEX(Y$5:Y$190,MATCH(LARGE(AQ$5:AQ$190,25),AQ$5:AQ$190,0)) -> 0.4444 | F219: =INDEX(Z$5:Z$190,MATCH(LARGE(AQ$5:AQ$190,25),AQ$5:AQ$190,0)) -> 0.31034483 | G219: =INDEX(AA$5:AA$190,MATCH(LARGE(AQ$5:AQ$190,25),AQ$5:AQ$190,0)) -> 0.25 | H219: =INDEX(AB$5:AB$190,MATCH(LARGE(AQ$5:AQ$190,25),AQ$5:AQ$190,0)) -> 0 | I219: =INDEX(AC$5:AC$190,MATCH(LARGE(AQ$5:AQ$190,25),AQ$5:AQ$190,0)) -> 0.17950849 | J219: =INDEX(AD$5:AD$190,MATCH(LARGE(AQ$5:AQ$190,25),AQ$5:AQ$190,0)) -> 0.027988014 | K219: =INDEX(AE$5:AE$190,MATCH(LARGE(AQ$5:AQ$190,25),AQ$5:AQ$190,0)) -> 0.092212743 | L219: =INDEX(AF$5:AF$190,MATCH(LARGE(AQ$5:AQ$190,25),AQ$5:AQ$190,0)) -> 0.15135135 | M219: =INDEX(AG$5:AG$190,MATCH(LARGE(AQ$5:AQ$190,25),AQ$5:AQ$190,0)) -> 0.39795918 | N219: =INDEX(AH$5:AH$190,MATCH(LARGE(AQ$5:AQ$190,25),AQ$5:AQ$190,0)) -> 0.12093542 | O219: =INDEX(AI$5:AI$190,MATCH(LARGE(AQ$5:AQ$190,25),AQ$5:AQ$190,0)) -> 0 | P219: =INDEX(AJ$5:AJ$190,MATCH(LARGE(AQ$5:AQ$190,25),AQ$5:AQ$190,0)) -> 0.33333333 | Q219: =INDEX(AK$5:AK$190,MATCH(LARGE(AQ$5:AQ$190,25),AQ$5:AQ$190,0)) -> 0.21212121 | R219: =INDEX(AL$5:AL$190,MATCH(LARGE(AQ$5:AQ$190,25),AQ$5:AQ$190,0)) -> 0.53137045 | S219: =INDEX(AM$5:AM$190,MATCH(LARGE(AQ$5:AQ$190,25),AQ$5:AQ$190,0)) -> 0.5 | T219: =INDEX(AN$5:AN$190,MATCH(LARGE(AQ$5:AQ$190,25),AQ$5:AQ$190,0)) -> 0.29032258 | U219: =INDEX(AO$5:AO$190,MATCH(LARGE(AQ$5:AQ$190,25),AQ$5:AQ$190,0)) -> 0.083333333 | V219: =INDEX(AP$5:AP$190,MATCH(LARGE(AQ$5:AQ$190,25),AQ$5:AQ$190,0)) -> 0.25
A220: 26 | B220: =INDEX($A$5:$A$190,MATCH(LARGE(AQ$5:AQ$190,26),AQ$5:AQ$190,0)) -> Fleet: colisionRisk(IShip) | C220: =INDEX(W$5:W$190,MATCH(LARGE(AQ$5:AQ$190,26),AQ$5:AQ$190,0)) -> 0.078947368 | D220: =INDEX(X$5:X$190,MATCH(LARGE(AQ$5:AQ$190,26),AQ$5:AQ$190,0)) -> 0.05 | E220: =INDEX(Y$5:Y$190,MATCH(LARGE(AQ$5:AQ$190,26),AQ$5:AQ$190,0)) -> 0.6667 | F220: =INDEX(Z$5:Z$190,MATCH(LARGE(AQ$5:AQ$190,26),AQ$5:AQ$190,0)) -> 0.10344828 | G220: =INDEX(AA$5:AA$190,MATCH(LARGE(AQ$5:AQ$190,26),AQ$5:AQ$190,0)) -> 0.25 | H220: =INDEX(AB$5:AB$190,MATCH(LARGE(AQ$5:AQ$190,26),AQ$5:AQ$190,0)) -> 0 | I220: =INDEX(AC$5:AC$190,MATCH(LARGE(AQ$5:AQ$190,26),AQ$5:AQ$190,0)) -> 0.10204096 | J220: =INDEX(AD$5:AD$190,MATCH(LARGE(AQ$5:AQ$190,26),AQ$5:AQ$190,0)) -> 0.0058078272 | K220: =INDEX(AE$5:AE$190,MATCH(LARGE(AQ$5:AQ$190,26),AQ$5:AQ$190,0)) -> 0.032310764 | L220: =INDEX(AF$5:AF$190,MATCH(LARGE(AQ$5:AQ$190,26),AQ$5:AQ$190,0)) -> 0.067567568 | M220: =INDEX(AG$5:AG$190,MATCH(LARGE(AQ$5:AQ$190,26),AQ$5:AQ$190,0)) -> 0.20408163 | N220: =INDEX(AH$5:AH$190,MATCH(LARGE(AQ$5:AQ$190,26),AQ$5:AQ$190,0)) -> 0.044147389 | O220: =INDEX(AI$5:AI$190,MATCH(LARGE(AQ$5:AQ$190,26),AQ$5:AQ$190,0)) -> 1 | P220: =INDEX(AJ$5:AJ$190,MATCH(LARGE(AQ$5:AQ$190,26),AQ$5:AQ$190,0)) -> 0.33333333 | Q220: =INDEX(AK$5:AK$190,MATCH(LARGE(AQ$5:AQ$190,26),AQ$5:AQ$190,0)) -> 0.12121212 | R220: =INDEX(AL$5:AL$190,MATCH(LARGE(AQ$5:AQ$190,26),AQ$5:AQ$190,0)) -> 0.61959463 | S220: =INDEX(AM$5:AM$190,MATCH(LARGE(AQ$5:AQ$190,26),AQ$5:AQ$190,0)) -> 0.33333333 | T220: =INDEX(AN$5:AN$190,MATCH(LARGE(AQ$5:AQ$190,26),AQ$5:AQ$190,0)) -> 0.096774194 | U220: =INDEX(AO$5:AO$190,MATCH(LARGE(AQ$5:AQ$190,26),AQ$5:AQ$190,0)) -> 0.083333333 | V220: =INDEX(AP$5:AP$190,MATCH(LARGE(AQ$5:AQ$190,26),AQ$5:AQ$190,0)) -> 0.25
A221: 27 | B221: =INDEX($A$5:$A$190,MATCH(LARGE(AQ$5:AQ$190,27),AQ$5:AQ$190,0)) -> Game: repeatedShot(IPosition) | C221: =INDEX(W$5:W$190,MATCH(LARGE(AQ$5:AQ$190,27),AQ$5:AQ$190,0)) -> 0.078947368 | D221: =INDEX(X$5:X$190,MATCH(LARGE(AQ$5:AQ$190,27),AQ$5:AQ$190,0)) -> 0.05 | E221: =INDEX(Y$5:Y$190,MATCH(LARGE(AQ$5:AQ$190,27),AQ$5:AQ$190,0)) -> 1 | F221: =INDEX(Z$5:Z$190,MATCH(LARGE(AQ$5:AQ$190,27),AQ$5:AQ$190,0)) -> 0.068965517 | G221: =INDEX(AA$5:AA$190,MATCH(LARGE(AQ$5:AQ$190,27),AQ$5:AQ$190,0)) -> 0.25 | H221: =INDEX(AB$5:AB$190,MATCH(LARGE(AQ$5:AQ$190,27),AQ$5:AQ$190,0)) -> 0 | I221: =INDEX(AC$5:AC$190,MATCH(LARGE(AQ$5:AQ$190,27),AQ$5:AQ$190,0)) -> 0.052447552 | J221: =INDEX(AD$5:AD$190,MATCH(LARGE(AQ$5:AQ$190,27),AQ$5:AQ$190,0)) -> 0.0018349644 | K221: =INDEX(AE$5:AE$190,MATCH(LARGE(AQ$5:AQ$190,27),AQ$5:AQ$190,0)) -> 0.014975495 | L221: =INDEX(AF$5:AF$190,MATCH(LARGE(AQ$5:AQ$190,27),AQ$5:AQ$190,0)) -> 0.045945946 | M221: =INDEX(AG$5:AG$190,MATCH(LARGE(AQ$5:AQ$190,27),AQ$5:AQ$190,0)) -> 0.15306122 | N221: =INDEX(AH$5:AH$190,MATCH(LARGE(AQ$5:AQ$190,27),AQ$5:AQ$190,0)) -> 0.027137347 | O221: =INDEX(AI$5:AI$190,MATCH(LARGE(AQ$5:AQ$190,27),AQ$5:AQ$190,0)) -> 1 | P221: =INDEX(AJ$5:AJ$190,MATCH(LARGE(AQ$5:AQ$190,27),AQ$5:AQ$190,0)) -> 0.33333333 | Q221: =INDEX(AK$5:AK$190,MATCH(LARGE(AQ$5:AQ$190,27),AQ$5:AQ$190,0)) -> 0.060606061 | R221: =INDEX(AL$5:AL$190,MATCH(LARGE(AQ$5:AQ$190,27),AQ$5:AQ$190,0)) -> 0.70378684 | S221: =INDEX(AM$5:AM$190,MATCH(LARGE(AQ$5:AQ$190,27),AQ$5:AQ$190,0)) -> 0.16666667 | T221: =INDEX(AN$5:AN$190,MATCH(LARGE(AQ$5:AQ$190,27),AQ$5:AQ$190,0)) -> 0.096774194 | U221: =INDEX(AO$5:AO$190,MATCH(LARGE(AQ$5:AQ$190,27),AQ$5:AQ$190,0)) -> 0.083333333 | V221: =INDEX(AP$5:AP$190,MATCH(LARGE(AQ$5:AQ$190,27),AQ$5:AQ$190,0)) -> 0.25
A222: 28 | B222: =INDEX($A$5:$A$190,MATCH(LARGE(AQ$5:AQ$190,28),AQ$5:AQ$190,0)) -> Game: repeatedShotAtAlien(IPosition) | C222: =INDEX(W$5:W$190,MATCH(LARGE(AQ$5:AQ$190,28),AQ$5:AQ$190,0)) -> 0.078947368 | D222: =INDEX(X$5:X$190,MATCH(LARGE(AQ$5:AQ$190,28),AQ$5:AQ$190,0)) -> 0.05 | E222: =INDEX(Y$5:Y$190,MATCH(LARGE(AQ$5:AQ$190,28),AQ$5:AQ$190,0)) -> 1 | F222: =INDEX(Z$5:Z$190,MATCH(LARGE(AQ$5:AQ$190,28),AQ$5:AQ$190,0)) -> 0.068965517 | G222: =INDEX(AA$5:AA$190,MATCH(LARGE(AQ$5:AQ$190,28),AQ$5:AQ$190,0)) -> 0.25 | H222: =INDEX(AB$5:AB$190,MATCH(LARGE(AQ$5:AQ$190,28),AQ$5:AQ$190,0)) -> 0 | I222: =INDEX(AC$5:AC$190,MATCH(LARGE(AQ$5:AQ$190,28),AQ$5:AQ$190,0)) -> 0.052447552 | J222: =INDEX(AD$5:AD$190,MATCH(LARGE(AQ$5:AQ$190,28),AQ$5:AQ$190,0)) -> 0.0018349644 | K222: =INDEX(AE$5:AE$190,MATCH(LARGE(AQ$5:AQ$190,28),AQ$5:AQ$190,0)) -> 0.014975495 | L222: =INDEX(AF$5:AF$190,MATCH(LARGE(AQ$5:AQ$190,28),AQ$5:AQ$190,0)) -> 0.045945946 | M222: =INDEX(AG$5:AG$190,MATCH(LARGE(AQ$5:AQ$190,28),AQ$5:AQ$190,0)) -> 0.15306122 | N222: =INDEX(AH$5:AH$190,MATCH(LARGE(AQ$5:AQ$190,28),AQ$5:AQ$190,0)) -> 0.027137347 | O222: =INDEX(AI$5:AI$190,MATCH(LARGE(AQ$5:AQ$190,28),AQ$5:AQ$190,0)) -> 1 | P222: =INDEX(AJ$5:AJ$190,MATCH(LARGE(AQ$5:AQ$190,28),AQ$5:AQ$190,0)) -> 0.33333333 | Q222: =INDEX(AK$5:AK$190,MATCH(LARGE(AQ$5:AQ$190,28),AQ$5:AQ$190,0)) -> 0.10606061 | R222: =INDEX(AL$5:AL$190,MATCH(LARGE(AQ$5:AQ$190,28),AQ$5:AQ$190,0)) -> 0.64843753 | S222: =INDEX(AM$5:AM$190,MATCH(LARGE(AQ$5:AQ$190,28),AQ$5:AQ$190,0)) -> 0.16666667 | T222: =INDEX(AN$5:AN$190,MATCH(LARGE(AQ$5:AQ$190,28),AQ$5:AQ$190,0)) -> 0.096774194 | U222: =INDEX(AO$5:AO$190,MATCH(LARGE(AQ$5:AQ$190,28),AQ$5:AQ$190,0)) -> 0.083333333 | V222: =INDEX(AP$5:AP$190,MATCH(LARGE(AQ$5:AQ$190,28),AQ$5:AQ$190,0)) -> 0.25
A223: 29 | B223: =INDEX($A$5:$A$190,MATCH(LARGE(AQ$5:AQ$190,29),AQ$5:AQ$190,0)) -> Fleet: shipAt(IPosition) | C223: =INDEX(W$5:W$190,MATCH(LARGE(AQ$5:AQ$190,29),AQ$5:AQ$190,0)) -> 0.078947368 | D223: =INDEX(X$5:X$190,MATCH(LARGE(AQ$5:AQ$190,29),AQ$5:AQ$190,0)) -> 0.05 | E223: =INDEX(Y$5:Y$190,MATCH(LARGE(AQ$5:AQ$190,29),AQ$5:AQ$190,0)) -> 1 | F223: =INDEX(Z$5:Z$190,MATCH(LARGE(AQ$5:AQ$190,29),AQ$5:AQ$190,0)) -> 0.034482759 | G223: =INDEX(AA$5:AA$190,MATCH(LARGE(AQ$5:AQ$190,29),AQ$5:AQ$190,0)) -> 0.25 | H223: =INDEX(AB$5:AB$190,MATCH(LARGE(AQ$5:AQ$190,29),AQ$5:AQ$190,0)) -> 0 | I223: =INDEX(AC$5:AC$190,MATCH(LARGE(AQ$5:AQ$190,29),AQ$5:AQ$190,0)) -> 0.061188811 | J223: =INDEX(AD$5:AD$190,MATCH(LARGE(AQ$5:AQ$190,29),AQ$5:AQ$190,0)) -> 0.001672593 | K223: =INDEX(AE$5:AE$190,MATCH(LARGE(AQ$5:AQ$190,29),AQ$5:AQ$190,0)) -> 0.014067889 | L223: =INDEX(AF$5:AF$190,MATCH(LARGE(AQ$5:AQ$190,29),AQ$5:AQ$190,0)) -> 0.040540541 | M223: =INDEX(AG$5:AG$190,MATCH(LARGE(AQ$5:AQ$190,29),AQ$5:AQ$190,0)) -> 0.1122449 | N223: =INDEX(AH$5:AH$190,MATCH(LARGE(AQ$5:AQ$190,29),AQ$5:AQ$190,0)) -> 0.021202336 | O223: =INDEX(AI$5:AI$190,MATCH(LARGE(AQ$5:AQ$190,29),AQ$5:AQ$190,0)) -> 1 | P223: =INDEX(AJ$5:AJ$190,MATCH(LARGE(AQ$5:AQ$190,29),AQ$5:AQ$190,0)) -> 0.33333333 | Q223: =INDEX(AK$5:AK$190,MATCH(LARGE(AQ$5:AQ$190,29),AQ$5:AQ$190,0)) -> 0.15151515 | R223: =INDEX(AL$5:AL$190,MATCH(LARGE(AQ$5:AQ$190,29),AQ$5:AQ$190,0)) -> 0.62134544 | S223: =INDEX(AM$5:AM$190,MATCH(LARGE(AQ$5:AQ$190,29),AQ$5:AQ$190,0)) -> 0.16666667 | T223: =INDEX(AN$5:AN$190,MATCH(LARGE(AQ$5:AQ$190,29),AQ$5:AQ$190,0)) -> 0.096774194 | U223: =INDEX(AO$5:AO$190,MATCH(LARGE(AQ$5:AQ$190,29),AQ$5:AQ$190,0)) -> 0.083333333 | V223: =INDEX(AP$5:AP$190,MATCH(LARGE(AQ$5:AQ$190,29),AQ$5:AQ$190,0)) -> 0.25
A224: 30 | B224: =INDEX($A$5:$A$190,MATCH(LARGE(AQ$5:AQ$190,30),AQ$5:AQ$190,0)) -> Position: adjacentPositions() | C224: =INDEX(W$5:W$190,MATCH(LARGE(AQ$5:AQ$190,30),AQ$5:AQ$190,0)) -> 0.078947368 | D224: =INDEX(X$5:X$190,MATCH(LARGE(AQ$5:AQ$190,30),AQ$5:AQ$190,0)) -> 0.05 | E224: =INDEX(Y$5:Y$190,MATCH(LARGE(AQ$5:AQ$190,30),AQ$5:AQ$190,0)) -> 0.25 | F224: =INDEX(Z$5:Z$190,MATCH(LARGE(AQ$5:AQ$190,30),AQ$5:AQ$190,0)) -> 0.034482759 | G224: =INDEX(AA$5:AA$190,MATCH(LARGE(AQ$5:AQ$190,30),AQ$5:AQ$190,0)) -> 0.25 | H224: =INDEX(AB$5:AB$190,MATCH(LARGE(AQ$5:AQ$190,30),AQ$5:AQ$190,0)) -> 0 | I224: =INDEX(AC$5:AC$190,MATCH(LARGE(AQ$5:AQ$190,30),AQ$5:AQ$190,0)) -> 0.19480519 | J224: =INDEX(AD$5:AD$190,MATCH(LARGE(AQ$5:AQ$190,30),AQ$5:AQ$190,0)) -> 0.023338473 | K224: =INDEX(AE$5:AE$190,MATCH(LARGE(AQ$5:AQ$190,30),AQ$5:AQ$190,0)) -> 0.081684516 | L224: =INDEX(AF$5:AF$190,MATCH(LARGE(AQ$5:AQ$190,30),AQ$5:AQ$190,0)) -> 0.13783784 | M224: =INDEX(AG$5:AG$190,MATCH(LARGE(AQ$5:AQ$190,30),AQ$5:AQ$190,0)) -> 0.2244898 | N224: =INDEX(AH$5:AH$190,MATCH(LARGE(AQ$5:AQ$190,30),AQ$5:AQ$190,0)) -> 0.092925979 | O224: =INDEX(AI$5:AI$190,MATCH(LARGE(AQ$5:AQ$190,30),AQ$5:AQ$190,0)) -> 1 | P224: =INDEX(AJ$5:AJ$190,MATCH(LARGE(AQ$5:AQ$190,30),AQ$5:AQ$190,0)) -> 0.33333333 | Q224: =INDEX(AK$5:AK$190,MATCH(LARGE(AQ$5:AQ$190,30),AQ$5:AQ$190,0)) -> 0.23484848 | R224: =INDEX(AL$5:AL$190,MATCH(LARGE(AQ$5:AQ$190,30),AQ$5:AQ$190,0)) -> 0.5305958 | S224: =INDEX(AM$5:AM$190,MATCH(LARGE(AQ$5:AQ$190,30),AQ$5:AQ$190,0)) -> 0.5 | T224: =INDEX(AN$5:AN$190,MATCH(LARGE(AQ$5:AQ$190,30),AQ$5:AQ$190,0)) -> 0.19354839 | U224: =INDEX(AO$5:AO$190,MATCH(LARGE(AQ$5:AQ$190,30),AQ$5:AQ$190,0)) -> 0.083333333 | V224: =INDEX(AP$5:AP$190,MATCH(LARGE(AQ$5:AQ$190,30),AQ$5:AQ$190,0)) -> 0
A225: 31 | B225: =INDEX($A$5:$A$190,MATCH(LARGE(AQ$5:AQ$190,31),AQ$5:AQ$190,0)) -> Scoreboard: loadResults() | C225: =INDEX(W$5:W$190,MATCH(LARGE(AQ$5:AQ$190,31),AQ$5:AQ$190,0)) -> 0.078947368 | D225: =INDEX(X$5:X$190,MATCH(LARGE(AQ$5:AQ$190,31),AQ$5:AQ$190,0)) -> 0.05 | E225: =INDEX(Y$5:Y$190,MATCH(LARGE(AQ$5:AQ$190,31),AQ$5:AQ$190,0)) -> 1 | F225: =INDEX(Z$5:Z$190,MATCH(LARGE(AQ$5:AQ$190,31),AQ$5:AQ$190,0)) -> 0.13793103 | G225: =INDEX(AA$5:AA$190,MATCH(LARGE(AQ$5:AQ$190,31),AQ$5:AQ$190,0)) -> 0.25 | H225: =INDEX(AB$5:AB$190,MATCH(LARGE(AQ$5:AQ$190,31),AQ$5:AQ$190,0)) -> 0.4 | I225: =INDEX(AC$5:AC$190,MATCH(LARGE(AQ$5:AQ$190,31),AQ$5:AQ$190,0)) -> 0.075757243 | J225: =INDEX(AD$5:AD$190,MATCH(LARGE(AQ$5:AQ$190,31),AQ$5:AQ$190,0)) -> 0.0042380436 | K225: =INDEX(AE$5:AE$190,MATCH(LARGE(AQ$5:AQ$190,31),AQ$5:AQ$190,0)) -> 0.026229806 | L225: =INDEX(AF$5:AF$190,MATCH(LARGE(AQ$5:AQ$190,31),AQ$5:AQ$190,0)) -> 0.067567568 | M225: =INDEX(AG$5:AG$190,MATCH(LARGE(AQ$5:AQ$190,31),AQ$5:AQ$190,0)) -> 0.19387755 | N225: =INDEX(AH$5:AH$190,MATCH(LARGE(AQ$5:AQ$190,31),AQ$5:AQ$190,0)) -> 0.043391498 | O225: =INDEX(AI$5:AI$190,MATCH(LARGE(AQ$5:AQ$190,31),AQ$5:AQ$190,0)) -> 0.5 | P225: =INDEX(AJ$5:AJ$190,MATCH(LARGE(AQ$5:AQ$190,31),AQ$5:AQ$190,0)) -> 0 | Q225: =INDEX(AK$5:AK$190,MATCH(LARGE(AQ$5:AQ$190,31),AQ$5:AQ$190,0)) -> 0.11363636 | R225: =INDEX(AL$5:AL$190,MATCH(LARGE(AQ$5:AQ$190,31),AQ$5:AQ$190,0)) -> 0.62657176 | S225: =INDEX(AM$5:AM$190,MATCH(LARGE(AQ$5:AQ$190,31),AQ$5:AQ$190,0)) -> 0.5 | T225: =INDEX(AN$5:AN$190,MATCH(LARGE(AQ$5:AQ$190,31),AQ$5:AQ$190,0)) -> 0.16129032 | U225: =INDEX(AO$5:AO$190,MATCH(LARGE(AQ$5:AQ$190,31),AQ$5:AQ$190,0)) -> 0 | V225: =INDEX(AP$5:AP$190,MATCH(LARGE(AQ$5:AQ$190,31),AQ$5:AQ$190,0)) -> 0
A226: 32 | B226: =INDEX($A$5:$A$190,MATCH(LARGE(AQ$5:AQ$190,32),AQ$5:AQ$190,0)) -> GameResult: GameResult(String, int, boolean) | C226: =INDEX(W$5:W$190,MATCH(LARGE(AQ$5:AQ$190,32),AQ$5:AQ$190,0)) -> 0.026315789 | D226: =INDEX(X$5:X$190,MATCH(LARGE(AQ$5:AQ$190,32),AQ$5:AQ$190,0)) -> 0 | E226: =INDEX(Y$5:Y$190,MATCH(LARGE(AQ$5:AQ$190,32),AQ$5:AQ$190,0)) -> 1 | F226: =INDEX(Z$5:Z$190,MATCH(LARGE(AQ$5:AQ$190,32),AQ$5:AQ$190,0)) -> 0.034482759 | G226: =INDEX(AA$5:AA$190,MATCH(LARGE(AQ$5:AQ$190,32),AQ$5:AQ$190,0)) -> 0 | H226: =INDEX(AB$5:AB$190,MATCH(LARGE(AQ$5:AQ$190,32),AQ$5:AQ$190,0)) -> 0 | I226: =INDEX(AC$5:AC$190,MATCH(LARGE(AQ$5:AQ$190,32),AQ$5:AQ$190,0)) -> 0.024975025 | J226: =INDEX(AD$5:AD$190,MATCH(LARGE(AQ$5:AQ$190,32),AQ$5:AQ$190,0)) -> 0.00070746351 | K226: =INDEX(AE$5:AE$190,MATCH(LARGE(AQ$5:AQ$190,32),AQ$5:AQ$190,0)) -> 0.0078961699 | L226: =INDEX(AF$5:AF$190,MATCH(LARGE(AQ$5:AQ$190,32),AQ$5:AQ$190,0)) -> 0.040540541 | M226: =INDEX(AG$5:AG$190,MATCH(LARGE(AQ$5:AQ$190,32),AQ$5:AQ$190,0)) -> 0.12244898 | N226: =INDEX(AH$5:AH$190,MATCH(LARGE(AQ$5:AQ$190,32),AQ$5:AQ$190,0)) -> 0.02197167 | O226: =INDEX(AI$5:AI$190,MATCH(LARGE(AQ$5:AQ$190,32),AQ$5:AQ$190,0)) -> 1 | P226: =INDEX(AJ$5:AJ$190,MATCH(LARGE(AQ$5:AQ$190,32),AQ$5:AQ$190,0)) -> 0 | Q226: =INDEX(AK$5:AK$190,MATCH(LARGE(AQ$5:AQ$190,32),AQ$5:AQ$190,0)) -> 0.098484848 | R226: =INDEX(AL$5:AL$190,MATCH(LARGE(AQ$5:AQ$190,32),AQ$5:AQ$190,0)) -> 0.66427414 | S226: =INDEX(AM$5:AM$190,MATCH(LARGE(AQ$5:AQ$190,32),AQ$5:AQ$190,0)) -> 0.16666667 | T226: =INDEX(AN$5:AN$190,MATCH(LARGE(AQ$5:AQ$190,32),AQ$5:AQ$190,0)) -> 0.22580645 | U226: =INDEX(AO$5:AO$190,MATCH(LARGE(AQ$5:AQ$190,32),AQ$5:AQ$190,0)) -> 0 | V226: =INDEX(AP$5:AP$190,MATCH(LARGE(AQ$5:AQ$190,32),AQ$5:AQ$190,0)) -> 0.75
A227: 33 | B227: =INDEX($A$5:$A$190,MATCH(LARGE(AQ$5:AQ$190,33),AQ$5:AQ$190,0)) -> Tasks: askPlayerName(Scanner) | C227: =INDEX(W$5:W$190,MATCH(LARGE(AQ$5:AQ$190,33),AQ$5:AQ$190,0)) -> 0.078947368 | D227: =INDEX(X$5:X$190,MATCH(LARGE(AQ$5:AQ$190,33),AQ$5:AQ$190,0)) -> 0.05 | E227: =INDEX(Y$5:Y$190,MATCH(LARGE(AQ$5:AQ$190,33),AQ$5:AQ$190,0)) -> 0.5 | F227: =INDEX(Z$5:Z$190,MATCH(LARGE(AQ$5:AQ$190,33),AQ$5:AQ$190,0)) -> 0.20689655 | G227: =INDEX(AA$5:AA$190,MATCH(LARGE(AQ$5:AQ$190,33),AQ$5:AQ$190,0)) -> 0.25 | H227: =INDEX(AB$5:AB$190,MATCH(LARGE(AQ$5:AQ$190,33),AQ$5:AQ$190,0)) -> 0.2 | I227: =INDEX(AC$5:AC$190,MATCH(LARGE(AQ$5:AQ$190,33),AQ$5:AQ$190,0)) -> 0.094905095 | J227: =INDEX(AD$5:AD$190,MATCH(LARGE(AQ$5:AQ$190,33),AQ$5:AQ$190,0)) -> 0.0073570751 | K227: =INDEX(AE$5:AE$190,MATCH(LARGE(AQ$5:AQ$190,33),AQ$5:AQ$190,0)) -> 0.037847159 | L227: =INDEX(AF$5:AF$190,MATCH(LARGE(AQ$5:AQ$190,33),AQ$5:AQ$190,0)) -> 0.089189189 | M227: =INDEX(AG$5:AG$190,MATCH(LARGE(AQ$5:AQ$190,33),AQ$5:AQ$190,0)) -> 0.2244898 | N227: =INDEX(AH$5:AH$190,MATCH(LARGE(AQ$5:AQ$190,33),AQ$5:AQ$190,0)) -> 0.06012856 | O227: =INDEX(AI$5:AI$190,MATCH(LARGE(AQ$5:AQ$190,33),AQ$5:AQ$190,0)) -> 0.5 | P227: =INDEX(AJ$5:AJ$190,MATCH(LARGE(AQ$5:AQ$190,33),AQ$5:AQ$190,0)) -> 0.33333333 | Q227: =INDEX(AK$5:AK$190,MATCH(LARGE(AQ$5:AQ$190,33),AQ$5:AQ$190,0)) -> 0.14393939 | R227: =INDEX(AL$5:AL$190,MATCH(LARGE(AQ$5:AQ$190,33),AQ$5:AQ$190,0)) -> 0.59281052 | S227: =INDEX(AM$5:AM$190,MATCH(LARGE(AQ$5:AQ$190,33),AQ$5:AQ$190,0)) -> 0.33333333 | T227: =INDEX(AN$5:AN$190,MATCH(LARGE(AQ$5:AQ$190,33),AQ$5:AQ$190,0)) -> 0.12903226 | U227: =INDEX(AO$5:AO$190,MATCH(LARGE(AQ$5:AQ$190,33),AQ$5:AQ$190,0)) -> 0.083333333 | V227: =INDEX(AP$5:AP$190,MATCH(LARGE(AQ$5:AQ$190,33),AQ$5:AQ$190,0)) -> 0.25
A228: 34 | B228: =INDEX($A$5:$A$190,MATCH(LARGE(AQ$5:AQ$190,34),AQ$5:AQ$190,0)) -> Tasks: menuHelp() | C228: =INDEX(W$5:W$190,MATCH(LARGE(AQ$5:AQ$190,34),AQ$5:AQ$190,0)) -> 0.026315789 | D228: =INDEX(X$5:X$190,MATCH(LARGE(AQ$5:AQ$190,34),AQ$5:AQ$190,0)) -> 0 | E228: =INDEX(Y$5:Y$190,MATCH(LARGE(AQ$5:AQ$190,34),AQ$5:AQ$190,0)) -> 1 | F228: =INDEX(Z$5:Z$190,MATCH(LARGE(AQ$5:AQ$190,34),AQ$5:AQ$190,0)) -> 0.034482759 | G228: =INDEX(AA$5:AA$190,MATCH(LARGE(AQ$5:AQ$190,34),AQ$5:AQ$190,0)) -> 0 | H228: =INDEX(AB$5:AB$190,MATCH(LARGE(AQ$5:AQ$190,34),AQ$5:AQ$190,0)) -> 0.2 | I228: =INDEX(AC$5:AC$190,MATCH(LARGE(AQ$5:AQ$190,34),AQ$5:AQ$190,0)) -> 0.037 | J228: =INDEX(AD$5:AD$190,MATCH(LARGE(AQ$5:AQ$190,34),AQ$5:AQ$190,0)) -> 0.0064695247 | K228: =INDEX(AE$5:AE$190,MATCH(LARGE(AQ$5:AQ$190,34),AQ$5:AQ$190,0)) -> 0.0347613 | L228: =INDEX(AF$5:AF$190,MATCH(LARGE(AQ$5:AQ$190,34),AQ$5:AQ$190,0)) -> 0.18108108 | M228: =INDEX(AG$5:AG$190,MATCH(LARGE(AQ$5:AQ$190,34),AQ$5:AQ$190,0)) -> 0.31632653 | N228: =INDEX(AH$5:AH$190,MATCH(LARGE(AQ$5:AQ$190,34),AQ$5:AQ$190,0)) -> 0.13562369 | O228: =INDEX(AI$5:AI$190,MATCH(LARGE(AQ$5:AQ$190,34),AQ$5:AQ$190,0)) -> 0.9167 | P228: =INDEX(AJ$5:AJ$190,MATCH(LARGE(AQ$5:AQ$190,34),AQ$5:AQ$190,0)) -> 0 | Q228: =INDEX(AK$5:AK$190,MATCH(LARGE(AQ$5:AQ$190,34),AQ$5:AQ$190,0)) -> 0.14393939 | R228: =INDEX(AL$5:AL$190,MATCH(LARGE(AQ$5:AQ$190,34),AQ$5:AQ$190,0)) -> 0.56858319 | S228: =INDEX(AM$5:AM$190,MATCH(LARGE(AQ$5:AQ$190,34),AQ$5:AQ$190,0)) -> 0.16666667 | T228: =INDEX(AN$5:AN$190,MATCH(LARGE(AQ$5:AQ$190,34),AQ$5:AQ$190,0)) -> 0.38709677 | U228: =INDEX(AO$5:AO$190,MATCH(LARGE(AQ$5:AQ$190,34),AQ$5:AQ$190,0)) -> 0 | V228: =INDEX(AP$5:AP$190,MATCH(LARGE(AQ$5:AQ$190,34),AQ$5:AQ$190,0)) -> 0
A229: 35 | B229: =INDEX($A$5:$A$190,MATCH(LARGE(AQ$5:AQ$190,35),AQ$5:AQ$190,0)) -> Fleet: getSunkShips() | C229: =INDEX(W$5:W$190,MATCH(LARGE(AQ$5:AQ$190,35),AQ$5:AQ$190,0)) -> 0.078947368 | D229: =INDEX(X$5:X$190,MATCH(LARGE(AQ$5:AQ$190,35),AQ$5:AQ$190,0)) -> 0.05 | E229: =INDEX(Y$5:Y$190,MATCH(LARGE(AQ$5:AQ$190,35),AQ$5:AQ$190,0)) -> 1 | F229: =INDEX(Z$5:Z$190,MATCH(LARGE(AQ$5:AQ$190,35),AQ$5:AQ$190,0)) -> 0.068965517 | G229: =INDEX(AA$5:AA$190,MATCH(LARGE(AQ$5:AQ$190,35),AQ$5:AQ$190,0)) -> 0.25 | H229: =INDEX(AB$5:AB$190,MATCH(LARGE(AQ$5:AQ$190,35),AQ$5:AQ$190,0)) -> 0 | I229: =INDEX(AC$5:AC$190,MATCH(LARGE(AQ$5:AQ$190,35),AQ$5:AQ$190,0)) -> 0.0666004 | J229: =INDEX(AD$5:AD$190,MATCH(LARGE(AQ$5:AQ$190,35),AQ$5:AQ$190,0)) -> 0.0015777747 | K229: =INDEX(AE$5:AE$190,MATCH(LARGE(AQ$5:AQ$190,35),AQ$5:AQ$190,0)) -> 0.013523325 | L229: =INDEX(AF$5:AF$190,MATCH(LARGE(AQ$5:AQ$190,35),AQ$5:AQ$190,0)) -> 0.035135135 | M229: =INDEX(AG$5:AG$190,MATCH(LARGE(AQ$5:AQ$190,35),AQ$5:AQ$190,0)) -> 0.1122449 | N229: =INDEX(AH$5:AH$190,MATCH(LARGE(AQ$5:AQ$190,35),AQ$5:AQ$190,0)) -> 0.018375344 | O229: =INDEX(AI$5:AI$190,MATCH(LARGE(AQ$5:AQ$190,35),AQ$5:AQ$190,0)) -> 1 | P229: =INDEX(AJ$5:AJ$190,MATCH(LARGE(AQ$5:AQ$190,35),AQ$5:AQ$190,0)) -> 0.33333333 | Q229: =INDEX(AK$5:AK$190,MATCH(LARGE(AQ$5:AQ$190,35),AQ$5:AQ$190,0)) -> 0.14393939 | R229: =INDEX(AL$5:AL$190,MATCH(LARGE(AQ$5:AQ$190,35),AQ$5:AQ$190,0)) -> 0.6311059 | S229: =INDEX(AM$5:AM$190,MATCH(LARGE(AQ$5:AQ$190,35),AQ$5:AQ$190,0)) -> 0.16666667 | T229: =INDEX(AN$5:AN$190,MATCH(LARGE(AQ$5:AQ$190,35),AQ$5:AQ$190,0)) -> 0.096774194 | U229: =INDEX(AO$5:AO$190,MATCH(LARGE(AQ$5:AQ$190,35),AQ$5:AQ$190,0)) -> 0.083333333 | V229: =INDEX(AP$5:AP$190,MATCH(LARGE(AQ$5:AQ$190,35),AQ$5:AQ$190,0)) -> 0
A230: 36 | B230: =INDEX($A$5:$A$190,MATCH(LARGE(AQ$5:AQ$190,36),AQ$5:AQ$190,0)) -> Fleet: getFloatingShips() | C230: =INDEX(W$5:W$190,MATCH(LARGE(AQ$5:AQ$190,36),AQ$5:AQ$190,0)) -> 0.078947368 | D230: =INDEX(X$5:X$190,MATCH(LARGE(AQ$5:AQ$190,36),AQ$5:AQ$190,0)) -> 0.05 | E230: =INDEX(Y$5:Y$190,MATCH(LARGE(AQ$5:AQ$190,36),AQ$5:AQ$190,0)) -> 1 | F230: =INDEX(Z$5:Z$190,MATCH(LARGE(AQ$5:AQ$190,36),AQ$5:AQ$190,0)) -> 0.068965517 | G230: =INDEX(AA$5:AA$190,MATCH(LARGE(AQ$5:AQ$190,36),AQ$5:AQ$190,0)) -> 0.25 | H230: =INDEX(AB$5:AB$190,MATCH(LARGE(AQ$5:AQ$190,36),AQ$5:AQ$190,0)) -> 0 | I230: =INDEX(AC$5:AC$190,MATCH(LARGE(AQ$5:AQ$190,36),AQ$5:AQ$190,0)) -> 0.058274725 | J230: =INDEX(AD$5:AD$190,MATCH(LARGE(AQ$5:AQ$190,36),AQ$5:AQ$190,0)) -> 0.0012237043 | K230: =INDEX(AE$5:AE$190,MATCH(LARGE(AQ$5:AQ$190,36),AQ$5:AQ$190,0)) -> 0.011435832 | L230: =INDEX(AF$5:AF$190,MATCH(LARGE(AQ$5:AQ$190,36),AQ$5:AQ$190,0)) -> 0.032432432 | M230: =INDEX(AG$5:AG$190,MATCH(LARGE(AQ$5:AQ$190,36),AQ$5:AQ$190,0)) -> 0.10204082 | N230: =INDEX(AH$5:AH$190,MATCH(LARGE(AQ$5:AQ$190,36),AQ$5:AQ$190,0)) -> 0.016287655 | O230: =INDEX(AI$5:AI$190,MATCH(LARGE(AQ$5:AQ$190,36),AQ$5:AQ$190,0)) -> 1 | P230: =INDEX(AJ$5:AJ$190,MATCH(LARGE(AQ$5:AQ$190,36),AQ$5:AQ$190,0)) -> 0.33333333 | Q230: =INDEX(AK$5:AK$190,MATCH(LARGE(AQ$5:AQ$190,36),AQ$5:AQ$190,0)) -> 0.14393939 | R230: =INDEX(AL$5:AL$190,MATCH(LARGE(AQ$5:AQ$190,36),AQ$5:AQ$190,0)) -> 0.63493533 | S230: =INDEX(AM$5:AM$190,MATCH(LARGE(AQ$5:AQ$190,36),AQ$5:AQ$190,0)) -> 0.16666667 | T230: =INDEX(AN$5:AN$190,MATCH(LARGE(AQ$5:AQ$190,36),AQ$5:AQ$190,0)) -> 0.096774194 | U230: =INDEX(AO$5:AO$190,MATCH(LARGE(AQ$5:AQ$190,36),AQ$5:AQ$190,0)) -> 0.083333333 | V230: =INDEX(AP$5:AP$190,MATCH(LARGE(AQ$5:AQ$190,36),AQ$5:AQ$190,0)) -> 0
A231: 37 | B231: =INDEX($A$5:$A$190,MATCH(LARGE(AQ$5:AQ$190,37),AQ$5:AQ$190,0)) -> PdfExporter: checkPagination(PDDocument, PdfState, float) | C231: =INDEX(W$5:W$190,MATCH(LARGE(AQ$5:AQ$190,37),AQ$5:AQ$190,0)) -> 0.052631579 | D231: =INDEX(X$5:X$190,MATCH(LARGE(AQ$5:AQ$190,37),AQ$5:AQ$190,0)) -> 0.025 | E231: =INDEX(Y$5:Y$190,MATCH(LARGE(AQ$5:AQ$190,37),AQ$5:AQ$190,0)) -> 1 | F231: =INDEX(Z$5:Z$190,MATCH(LARGE(AQ$5:AQ$190,37),AQ$5:AQ$190,0)) -> 0.068965517 | G231: =INDEX(AA$5:AA$190,MATCH(LARGE(AQ$5:AQ$190,37),AQ$5:AQ$190,0)) -> 0.25 | H231: =INDEX(AB$5:AB$190,MATCH(LARGE(AQ$5:AQ$190,37),AQ$5:AQ$190,0)) -> 0.2 | I231: =INDEX(AC$5:AC$190,MATCH(LARGE(AQ$5:AQ$190,37),AQ$5:AQ$190,0)) -> 0.12844256 | J231: =INDEX(AD$5:AD$190,MATCH(LARGE(AQ$5:AQ$190,37),AQ$5:AQ$190,0)) -> 0.0080201857 | K231: =INDEX(AE$5:AE$190,MATCH(LARGE(AQ$5:AQ$190,37),AQ$5:AQ$190,0)) -> 0.040025413 | L231: =INDEX(AF$5:AF$190,MATCH(LARGE(AQ$5:AQ$190,37),AQ$5:AQ$190,0)) -> 0.078378378 | M231: =INDEX(AG$5:AG$190,MATCH(LARGE(AQ$5:AQ$190,37),AQ$5:AQ$190,0)) -> 0.17346939 | N231: =INDEX(AH$5:AH$190,MATCH(LARGE(AQ$5:AQ$190,37),AQ$5:AQ$190,0)) -> 0.04843276 | O231: =INDEX(AI$5:AI$190,MATCH(LARGE(AQ$5:AQ$190,37),AQ$5:AQ$190,0)) -> 0 | P231: =INDEX(AJ$5:AJ$190,MATCH(LARGE(AQ$5:AQ$190,37),AQ$5:AQ$190,0)) -> 0 | Q231: =INDEX(AK$5:AK$190,MATCH(LARGE(AQ$5:AQ$190,37),AQ$5:AQ$190,0)) -> 0.098484848 | R231: =INDEX(AL$5:AL$190,MATCH(LARGE(AQ$5:AQ$190,37),AQ$5:AQ$190,0)) -> 0.63788989 | S231: =INDEX(AM$5:AM$190,MATCH(LARGE(AQ$5:AQ$190,37),AQ$5:AQ$190,0)) -> 0.33333333 | T231: =INDEX(AN$5:AN$190,MATCH(LARGE(AQ$5:AQ$190,37),AQ$5:AQ$190,0)) -> 0.19354839 | U231: =INDEX(AO$5:AO$190,MATCH(LARGE(AQ$5:AQ$190,37),AQ$5:AQ$190,0)) -> 0 | V231: =INDEX(AP$5:AP$190,MATCH(LARGE(AQ$5:AQ$190,37),AQ$5:AQ$190,0)) -> 0.75
A232: 38 | B232: =INDEX($A$5:$A$190,MATCH(LARGE(AQ$5:AQ$190,38),AQ$5:AQ$190,0)) -> Ship: tooCloseTo(IPosition) | C232: =INDEX(W$5:W$190,MATCH(LARGE(AQ$5:AQ$190,38),AQ$5:AQ$190,0)) -> 0.078947368 | D232: =INDEX(X$5:X$190,MATCH(LARGE(AQ$5:AQ$190,38),AQ$5:AQ$190,0)) -> 0.05 | E232: =INDEX(Y$5:Y$190,MATCH(LARGE(AQ$5:AQ$190,38),AQ$5:AQ$190,0)) -> 0.5 | F232: =INDEX(Z$5:Z$190,MATCH(LARGE(AQ$5:AQ$190,38),AQ$5:AQ$190,0)) -> 0.068965517 | G232: =INDEX(AA$5:AA$190,MATCH(LARGE(AQ$5:AQ$190,38),AQ$5:AQ$190,0)) -> 0.25 | H232: =INDEX(AB$5:AB$190,MATCH(LARGE(AQ$5:AQ$190,38),AQ$5:AQ$190,0)) -> 0 | I232: =INDEX(AC$5:AC$190,MATCH(LARGE(AQ$5:AQ$190,38),AQ$5:AQ$190,0)) -> 0.11238761 | J232: =INDEX(AD$5:AD$190,MATCH(LARGE(AQ$5:AQ$190,38),AQ$5:AQ$190,0)) -> 0.0065009137 | K232: =INDEX(AE$5:AE$190,MATCH(LARGE(AQ$5:AQ$190,38),AQ$5:AQ$190,0)) -> 0.03485206 | L232: =INDEX(AF$5:AF$190,MATCH(LARGE(AQ$5:AQ$190,38),AQ$5:AQ$190,0)) -> 0.067567568 | M232: =INDEX(AG$5:AG$190,MATCH(LARGE(AQ$5:AQ$190,38),AQ$5:AQ$190,0)) -> 0.21428571 | N232: =INDEX(AH$5:AH$190,MATCH(LARGE(AQ$5:AQ$190,38),AQ$5:AQ$190,0)) -> 0.044866384 | O232: =INDEX(AI$5:AI$190,MATCH(LARGE(AQ$5:AQ$190,38),AQ$5:AQ$190,0)) -> 1 | P232: =INDEX(AJ$5:AJ$190,MATCH(LARGE(AQ$5:AQ$190,38),AQ$5:AQ$190,0)) -> 0.33333333 | Q232: =INDEX(AK$5:AK$190,MATCH(LARGE(AQ$5:AQ$190,38),AQ$5:AQ$190,0)) -> 0.15151515 | R232: =INDEX(AL$5:AL$190,MATCH(LARGE(AQ$5:AQ$190,38),AQ$5:AQ$190,0)) -> 0.59723191 | S232: =INDEX(AM$5:AM$190,MATCH(LARGE(AQ$5:AQ$190,38),AQ$5:AQ$190,0)) -> 0.16666667 | T232: =INDEX(AN$5:AN$190,MATCH(LARGE(AQ$5:AQ$190,38),AQ$5:AQ$190,0)) -> 0.064516129 | U232: =INDEX(AO$5:AO$190,MATCH(LARGE(AQ$5:AQ$190,38),AQ$5:AQ$190,0)) -> 0.083333333 | V232: =INDEX(AP$5:AP$190,MATCH(LARGE(AQ$5:AQ$190,38),AQ$5:AQ$190,0)) -> 0.25
A233: 39 | B233: =INDEX($A$5:$A$190,MATCH(LARGE(AQ$5:AQ$190,39),AQ$5:AQ$190,0)) -> Ship: occupies(IPosition) | C233: =INDEX(W$5:W$190,MATCH(LARGE(AQ$5:AQ$190,39),AQ$5:AQ$190,0)) -> 0.078947368 | D233: =INDEX(X$5:X$190,MATCH(LARGE(AQ$5:AQ$190,39),AQ$5:AQ$190,0)) -> 0.05 | E233: =INDEX(Y$5:Y$190,MATCH(LARGE(AQ$5:AQ$190,39),AQ$5:AQ$190,0)) -> 0.5 | F233: =INDEX(Z$5:Z$190,MATCH(LARGE(AQ$5:AQ$190,39),AQ$5:AQ$190,0)) -> 0.068965517 | G233: =INDEX(AA$5:AA$190,MATCH(LARGE(AQ$5:AQ$190,39),AQ$5:AQ$190,0)) -> 0.25 | H233: =INDEX(AB$5:AB$190,MATCH(LARGE(AQ$5:AQ$190,39),AQ$5:AQ$190,0)) -> 0 | I233: =INDEX(AC$5:AC$190,MATCH(LARGE(AQ$5:AQ$190,39),AQ$5:AQ$190,0)) -> 0.1048951 | J233: =INDEX(AD$5:AD$190,MATCH(LARGE(AQ$5:AQ$190,39),AQ$5:AQ$190,0)) -> 0.0057314727 | K233: =INDEX(AE$5:AE$190,MATCH(LARGE(AQ$5:AQ$190,39),AQ$5:AQ$190,0)) -> 0.032038482 | L233: =INDEX(AF$5:AF$190,MATCH(LARGE(AQ$5:AQ$190,39),AQ$5:AQ$190,0)) -> 0.064864865 | M233: =INDEX(AG$5:AG$190,MATCH(LARGE(AQ$5:AQ$190,39),AQ$5:AQ$190,0)) -> 0.20408163 | N233: =INDEX(AH$5:AH$190,MATCH(LARGE(AQ$5:AQ$190,39),AQ$5:AQ$190,0)) -> 0.042381505 | O233: =INDEX(AI$5:AI$190,MATCH(LARGE(AQ$5:AQ$190,39),AQ$5:AQ$190,0)) -> 1 | P233: =INDEX(AJ$5:AJ$190,MATCH(LARGE(AQ$5:AQ$190,39),AQ$5:AQ$190,0)) -> 0.33333333 | Q233: =INDEX(AK$5:AK$190,MATCH(LARGE(AQ$5:AQ$190,39),AQ$5:AQ$190,0)) -> 0.15151515 | R233: =INDEX(AL$5:AL$190,MATCH(LARGE(AQ$5:AQ$190,39),AQ$5:AQ$190,0)) -> 0.5990297 | S233: =INDEX(AM$5:AM$190,MATCH(LARGE(AQ$5:AQ$190,39),AQ$5:AQ$190,0)) -> 0.16666667 | T233: =INDEX(AN$5:AN$190,MATCH(LARGE(AQ$5:AQ$190,39),AQ$5:AQ$190,0)) -> 0.064516129 | U233: =INDEX(AO$5:AO$190,MATCH(LARGE(AQ$5:AQ$190,39),AQ$5:AQ$190,0)) -> 0.083333333 | V233: =INDEX(AP$5:AP$190,MATCH(LARGE(AQ$5:AQ$190,39),AQ$5:AQ$190,0)) -> 0.25
A234: 40 | B234: =INDEX($A$5:$A$190,MATCH(LARGE(AQ$5:AQ$190,40),AQ$5:AQ$190,0)) -> Game: jsonShots(List<IPosition>) | C234: =INDEX(W$5:W$190,MATCH(LARGE(AQ$5:AQ$190,40),AQ$5:AQ$190,0)) -> 0.078947368 | D234: =INDEX(X$5:X$190,MATCH(LARGE(AQ$5:AQ$190,40),AQ$5:AQ$190,0)) -> 0.05 | E234: =INDEX(Y$5:Y$190,MATCH(LARGE(AQ$5:AQ$190,40),AQ$5:AQ$190,0)) -> 0.7143 | F234: =INDEX(Z$5:Z$190,MATCH(LARGE(AQ$5:AQ$190,40),AQ$5:AQ$190,0)) -> 0.24137931 | G234: =INDEX(AA$5:AA$190,MATCH(LARGE(AQ$5:AQ$190,40),AQ$5:AQ$190,0)) -> 0 | H234: =INDEX(AB$5:AB$190,MATCH(LARGE(AQ$5:AQ$190,40),AQ$5:AQ$190,0)) -> 0.2 | I234: =INDEX(AC$5:AC$190,MATCH(LARGE(AQ$5:AQ$190,40),AQ$5:AQ$190,0)) -> 0.14152547 | J234: =INDEX(AD$5:AD$190,MATCH(LARGE(AQ$5:AQ$190,40),AQ$5:AQ$190,0)) -> 0.014848941 | K234: =INDEX(AE$5:AE$190,MATCH(LARGE(AQ$5:AQ$190,40),AQ$5:AQ$190,0)) -> 0.060446542 | L234: =INDEX(AF$5:AF$190,MATCH(LARGE(AQ$5:AQ$190,40),AQ$5:AQ$190,0)) -> 0.11081081 | M234: =INDEX(AG$5:AG$190,MATCH(LARGE(AQ$5:AQ$190,40),AQ$5:AQ$190,0)) -> 0.29591837 | N234: =INDEX(AH$5:AH$190,MATCH(LARGE(AQ$5:AQ$190,40),AQ$5:AQ$190,0)) -> 0.081381766 | O234: =INDEX(AI$5:AI$190,MATCH(LARGE(AQ$5:AQ$190,40),AQ$5:AQ$190,0)) -> 0 | P234: =INDEX(AJ$5:AJ$190,MATCH(LARGE(AQ$5:AQ$190,40),AQ$5:AQ$190,0)) -> 0.33333333 | Q234: =INDEX(AK$5:AK$190,MATCH(LARGE(AQ$5:AQ$190,40),AQ$5:AQ$190,0)) -> 0.28787879 | R234: =INDEX(AL$5:AL$190,MATCH(LARGE(AQ$5:AQ$190,40),AQ$5:AQ$190,0)) -> 0.51463808 | S234: =INDEX(AM$5:AM$190,MATCH(LARGE(AQ$5:AQ$190,40),AQ$5:AQ$190,0)) -> 0.33333333 | T234: =INDEX(AN$5:AN$190,MATCH(LARGE(AQ$5:AQ$190,40),AQ$5:AQ$190,0)) -> 0.25806452 | U234: =INDEX(AO$5:AO$190,MATCH(LARGE(AQ$5:AQ$190,40),AQ$5:AQ$190,0)) -> 0.083333333 | V234: =INDEX(AP$5:AP$190,MATCH(LARGE(AQ$5:AQ$190,40),AQ$5:AQ$190,0)) -> 0.25
A235: 41 | B235: =INDEX($A$5:$A$190,MATCH(LARGE(AQ$5:AQ$190,41),AQ$5:AQ$190,0)) -> Ship: buildShip(String, Compass, Position) | C235: =INDEX(W$5:W$190,MATCH(LARGE(AQ$5:AQ$190,41),AQ$5:AQ$190,0)) -> 0.18421053 | D235: =INDEX(X$5:X$190,MATCH(LARGE(AQ$5:AQ$190,41),AQ$5:AQ$190,0)) -> 0.025 | E235: =INDEX(Y$5:Y$190,MATCH(LARGE(AQ$5:AQ$190,41),AQ$5:AQ$190,0)) -> 0 | F235: =INDEX(Z$5:Z$190,MATCH(LARGE(AQ$5:AQ$190,41),AQ$5:AQ$190,0)) -> 0 | G235: =INDEX(AA$5:AA$190,MATCH(LARGE(AQ$5:AQ$190,41),AQ$5:AQ$190,0)) -> 0 | H235: =INDEX(AB$5:AB$190,MATCH(LARGE(AQ$5:AQ$190,41),AQ$5:AQ$190,0)) -> 0 | I235: =INDEX(AC$5:AC$190,MATCH(LARGE(AQ$5:AQ$190,41),AQ$5:AQ$190,0)) -> 0.13486513 | J235: =INDEX(AD$5:AD$190,MATCH(LARGE(AQ$5:AQ$190,41),AQ$5:AQ$190,0)) -> 0.016598227 | K235: =INDEX(AE$5:AE$190,MATCH(LARGE(AQ$5:AQ$190,41),AQ$5:AQ$190,0)) -> 0.065075331 | L235: =INDEX(AF$5:AF$190,MATCH(LARGE(AQ$5:AQ$190,41),AQ$5:AQ$190,0)) -> 0.14864865 | M235: =INDEX(AG$5:AG$190,MATCH(LARGE(AQ$5:AQ$190,41),AQ$5:AQ$190,0)) -> 0.19387755 | N235: =INDEX(AH$5:AH$190,MATCH(LARGE(AQ$5:AQ$190,41),AQ$5:AQ$190,0)) -> 0.095461279 | O235: =INDEX(AI$5:AI$190,MATCH(LARGE(AQ$5:AQ$190,41),AQ$5:AQ$190,0)) -> 1 | P235: =INDEX(AJ$5:AJ$190,MATCH(LARGE(AQ$5:AQ$190,41),AQ$5:AQ$190,0)) -> 0 | Q235: =INDEX(AK$5:AK$190,MATCH(LARGE(AQ$5:AQ$190,41),AQ$5:AQ$190,0)) -> 0.27272727 | R235: =INDEX(AL$5:AL$190,MATCH(LARGE(AQ$5:AQ$190,41),AQ$5:AQ$190,0)) -> 0.51378826 | S235: =INDEX(AM$5:AM$190,MATCH(LARGE(AQ$5:AQ$190,41),AQ$5:AQ$190,0)) -> 0.33333333 | T235: =INDEX(AN$5:AN$190,MATCH(LARGE(AQ$5:AQ$190,41),AQ$5:AQ$190,0)) -> 0.29032258 | U235: =INDEX(AO$5:AO$190,MATCH(LARGE(AQ$5:AQ$190,41),AQ$5:AQ$190,0)) -> 0 | V235: =INDEX(AP$5:AP$190,MATCH(LARGE(AQ$5:AQ$190,41),AQ$5:AQ$190,0)) -> 0.75
A236: 42 | B236: =INDEX($A$5:$A$190,MATCH(LARGE(AQ$5:AQ$190,42),AQ$5:AQ$190,0)) -> Fleet: createRandom() | C236: =INDEX(W$5:W$190,MATCH(LARGE(AQ$5:AQ$190,42),AQ$5:AQ$190,0)) -> 0.10526316 | D236: =INDEX(X$5:X$190,MATCH(LARGE(AQ$5:AQ$190,42),AQ$5:AQ$190,0)) -> 0.075 | E236: =INDEX(Y$5:Y$190,MATCH(LARGE(AQ$5:AQ$190,42),AQ$5:AQ$190,0)) -> 0.75 | F236: =INDEX(Z$5:Z$190,MATCH(LARGE(AQ$5:AQ$190,42),AQ$5:AQ$190,0)) -> 0.10344828 | G236: =INDEX(AA$5:AA$190,MATCH(LARGE(AQ$5:AQ$190,42),AQ$5:AQ$190,0)) -> 0.25 | H236: =INDEX(AB$5:AB$190,MATCH(LARGE(AQ$5:AQ$190,42),AQ$5:AQ$190,0)) -> 0.2 | I236: =INDEX(AC$5:AC$190,MATCH(LARGE(AQ$5:AQ$190,42),AQ$5:AQ$190,0)) -> 0.14360639 | J236: =INDEX(AD$5:AD$190,MATCH(LARGE(AQ$5:AQ$190,42),AQ$5:AQ$190,0)) -> 0.013668468 | K236: =INDEX(AE$5:AE$190,MATCH(LARGE(AQ$5:AQ$190,42),AQ$5:AQ$190,0)) -> 0.057179161 | L236: =INDEX(AF$5:AF$190,MATCH(LARGE(AQ$5:AQ$190,42),AQ$5:AQ$190,0)) -> 0.1027027 | M236: =INDEX(AG$5:AG$190,MATCH(LARGE(AQ$5:AQ$190,42),AQ$5:AQ$190,0)) -> 0.2755102 | N236: =INDEX(AH$5:AH$190,MATCH(LARGE(AQ$5:AQ$190,42),AQ$5:AQ$190,0)) -> 0.073826328 | O236: =INDEX(AI$5:AI$190,MATCH(LARGE(AQ$5:AQ$190,42),AQ$5:AQ$190,0)) -> 0 | P236: =INDEX(AJ$5:AJ$190,MATCH(LARGE(AQ$5:AQ$190,42),AQ$5:AQ$190,0)) -> 0.33333333 | Q236: =INDEX(AK$5:AK$190,MATCH(LARGE(AQ$5:AQ$190,42),AQ$5:AQ$190,0)) -> 0.20454545 | R236: =INDEX(AL$5:AL$190,MATCH(LARGE(AQ$5:AQ$190,42),AQ$5:AQ$190,0)) -> 0.55122128 | S236: =INDEX(AM$5:AM$190,MATCH(LARGE(AQ$5:AQ$190,42),AQ$5:AQ$190,0)) -> 0.5 | T236: =INDEX(AN$5:AN$190,MATCH(LARGE(AQ$5:AQ$190,42),AQ$5:AQ$190,0)) -> 0.16129032 | U236: =INDEX(AO$5:AO$190,MATCH(LARGE(AQ$5:AQ$190,42),AQ$5:AQ$190,0)) -> 0.083333333 | V236: =INDEX(AP$5:AP$190,MATCH(LARGE(AQ$5:AQ$190,42),AQ$5:AQ$190,0)) -> 0
A237: 43 | B237: =INDEX($A$5:$A$190,MATCH(LARGE(AQ$5:AQ$190,43),AQ$5:AQ$190,0)) -> Tasks: readClassicPosition(Scanner) | C237: =INDEX(W$5:W$190,MATCH(LARGE(AQ$5:AQ$190,43),AQ$5:AQ$190,0)) -> 0.21052632 | D237: =INDEX(X$5:X$190,MATCH(LARGE(AQ$5:AQ$190,43),AQ$5:AQ$190,0)) -> 0.175 | E237: =INDEX(Y$5:Y$190,MATCH(LARGE(AQ$5:AQ$190,43),AQ$5:AQ$190,0)) -> 0.375 | F237: =INDEX(Z$5:Z$190,MATCH(LARGE(AQ$5:AQ$190,43),AQ$5:AQ$190,0)) -> 0.27586207 | G237: =INDEX(AA$5:AA$190,MATCH(LARGE(AQ$5:AQ$190,43),AQ$5:AQ$190,0)) -> 0.25 | H237: =INDEX(AB$5:AB$190,MATCH(LARGE(AQ$5:AQ$190,43),AQ$5:AQ$190,0)) -> 0 | I237: =INDEX(AC$5:AC$190,MATCH(LARGE(AQ$5:AQ$190,43),AQ$5:AQ$190,0)) -> 0.24261439 | J237: =INDEX(AD$5:AD$190,MATCH(LARGE(AQ$5:AQ$190,43),AQ$5:AQ$190,0)) -> 0.046163489 | K237: =INDEX(AE$5:AE$190,MATCH(LARGE(AQ$5:AQ$190,43),AQ$5:AQ$190,0)) -> 0.12869849 | L237: =INDEX(AF$5:AF$190,MATCH(LARGE(AQ$5:AQ$190,43),AQ$5:AQ$190,0)) -> 0.19189189 | M237: =INDEX(AG$5:AG$190,MATCH(LARGE(AQ$5:AQ$190,43),AQ$5:AQ$190,0)) -> 0.34693878 | N237: =INDEX(AH$5:AH$190,MATCH(LARGE(AQ$5:AQ$190,43),AQ$5:AQ$190,0)) -> 0.14758667 | O237: =INDEX(AI$5:AI$190,MATCH(LARGE(AQ$5:AQ$190,43),AQ$5:AQ$190,0)) -> 0 | P237: =INDEX(AJ$5:AJ$190,MATCH(LARGE(AQ$5:AQ$190,43),AQ$5:AQ$190,0)) -> 0 | Q237: =INDEX(AK$5:AK$190,MATCH(LARGE(AQ$5:AQ$190,43),AQ$5:AQ$190,0)) -> 0.21212121 | R237: =INDEX(AL$5:AL$190,MATCH(LARGE(AQ$5:AQ$190,43),AQ$5:AQ$190,0)) -> 0.52455723 | S237: =INDEX(AM$5:AM$190,MATCH(LARGE(AQ$5:AQ$190,43),AQ$5:AQ$190,0)) -> 0.33333333 | T237: =INDEX(AN$5:AN$190,MATCH(LARGE(AQ$5:AQ$190,43),AQ$5:AQ$190,0)) -> 0.25806452 | U237: =INDEX(AO$5:AO$190,MATCH(LARGE(AQ$5:AQ$190,43),AQ$5:AQ$190,0)) -> 0 | V237: =INDEX(AP$5:AP$190,MATCH(LARGE(AQ$5:AQ$190,43),AQ$5:AQ$190,0)) -> 0.25
A238: 44 | B238: =INDEX($A$5:$A$190,MATCH(LARGE(AQ$5:AQ$190,44),AQ$5:AQ$190,0)) -> Scoreboard: saveResult(GameResult) | C238: =INDEX(W$5:W$190,MATCH(LARGE(AQ$5:AQ$190,44),AQ$5:AQ$190,0)) -> 0.052631579 | D238: =INDEX(X$5:X$190,MATCH(LARGE(AQ$5:AQ$190,44),AQ$5:AQ$190,0)) -> 0.025 | E238: =INDEX(Y$5:Y$190,MATCH(LARGE(AQ$5:AQ$190,44),AQ$5:AQ$190,0)) -> 0.75 | F238: =INDEX(Z$5:Z$190,MATCH(LARGE(AQ$5:AQ$190,44),AQ$5:AQ$190,0)) -> 0.24137931 | G238: =INDEX(AA$5:AA$190,MATCH(LARGE(AQ$5:AQ$190,44),AQ$5:AQ$190,0)) -> 0 | H238: =INDEX(AB$5:AB$190,MATCH(LARGE(AQ$5:AQ$190,44),AQ$5:AQ$190,0)) -> 0.4 | I238: =INDEX(AC$5:AC$190,MATCH(LARGE(AQ$5:AQ$190,44),AQ$5:AQ$190,0)) -> 0.08991009 | J238: =INDEX(AD$5:AD$190,MATCH(LARGE(AQ$5:AQ$190,44),AQ$5:AQ$190,0)) -> 0.0061583938 | K238: =INDEX(AE$5:AE$190,MATCH(LARGE(AQ$5:AQ$190,44),AQ$5:AQ$190,0)) -> 0.033581412 | L238: =INDEX(AF$5:AF$190,MATCH(LARGE(AQ$5:AQ$190,44),AQ$5:AQ$190,0)) -> 0.075675676 | M238: =INDEX(AG$5:AG$190,MATCH(LARGE(AQ$5:AQ$190,44),AQ$5:AQ$190,0)) -> 0.25510204 | N238: =INDEX(AH$5:AH$190,MATCH(LARGE(AQ$5:AQ$190,44),AQ$5:AQ$190,0)) -> 0.05312811 | O238: =INDEX(AI$5:AI$190,MATCH(LARGE(AQ$5:AQ$190,44),AQ$5:AQ$190,0)) -> 0.4 | P238: =INDEX(AJ$5:AJ$190,MATCH(LARGE(AQ$5:AQ$190,44),AQ$5:AQ$190,0)) -> 0 | Q238: =INDEX(AK$5:AK$190,MATCH(LARGE(AQ$5:AQ$190,44),AQ$5:AQ$190,0)) -> 0.12878788 | R238: =INDEX(AL$5:AL$190,MATCH(LARGE(AQ$5:AQ$190,44),AQ$5:AQ$190,0)) -> 0.60828172 | S238: =INDEX(AM$5:AM$190,MATCH(LARGE(AQ$5:AQ$190,44),AQ$5:AQ$190,0)) -> 0.33333333 | T238: =INDEX(AN$5:AN$190,MATCH(LARGE(AQ$5:AQ$190,44),AQ$5:AQ$190,0)) -> 0.25806452 | U238: =INDEX(AO$5:AO$190,MATCH(LARGE(AQ$5:AQ$190,44),AQ$5:AQ$190,0)) -> 0 | V238: =INDEX(AP$5:AP$190,MATCH(LARGE(AQ$5:AQ$190,44),AQ$5:AQ$190,0)) -> 0.25
A239: 45 | B239: =INDEX($A$5:$A$190,MATCH(LARGE(AQ$5:AQ$190,45),AQ$5:AQ$190,0)) -> Position: Position(char, int) | C239: =INDEX(W$5:W$190,MATCH(LARGE(AQ$5:AQ$190,45),AQ$5:AQ$190,0)) -> 0.026315789 | D239: =INDEX(X$5:X$190,MATCH(LARGE(AQ$5:AQ$190,45),AQ$5:AQ$190,0)) -> 0 | E239: =INDEX(Y$5:Y$190,MATCH(LARGE(AQ$5:AQ$190,45),AQ$5:AQ$190,0)) -> 1 | F239: =INDEX(Z$5:Z$190,MATCH(LARGE(AQ$5:AQ$190,45),AQ$5:AQ$190,0)) -> 0.034482759 | G239: =INDEX(AA$5:AA$190,MATCH(LARGE(AQ$5:AQ$190,45),AQ$5:AQ$190,0)) -> 0 | H239: =INDEX(AB$5:AB$190,MATCH(LARGE(AQ$5:AQ$190,45),AQ$5:AQ$190,0)) -> 0 | I239: =INDEX(AC$5:AC$190,MATCH(LARGE(AQ$5:AQ$190,45),AQ$5:AQ$190,0)) -> 0.0332997 | J239: =INDEX(AD$5:AD$190,MATCH(LARGE(AQ$5:AQ$190,45),AQ$5:AQ$190,0)) -> 0.0013706551 | K239: =INDEX(AE$5:AE$190,MATCH(LARGE(AQ$5:AQ$190,45),AQ$5:AQ$190,0)) -> 0.012343438 | L239: =INDEX(AF$5:AF$190,MATCH(LARGE(AQ$5:AQ$190,45),AQ$5:AQ$190,0)) -> 0.054054054 | M239: =INDEX(AG$5:AG$190,MATCH(LARGE(AQ$5:AQ$190,45),AQ$5:AQ$190,0)) -> 0.15306122 | N239: =INDEX(AH$5:AH$190,MATCH(LARGE(AQ$5:AQ$190,45),AQ$5:AQ$190,0)) -> 0.031926305 | O239: =INDEX(AI$5:AI$190,MATCH(LARGE(AQ$5:AQ$190,45),AQ$5:AQ$190,0)) -> 1 | P239: =INDEX(AJ$5:AJ$190,MATCH(LARGE(AQ$5:AQ$190,45),AQ$5:AQ$190,0)) -> 0 | Q239: =INDEX(AK$5:AK$190,MATCH(LARGE(AQ$5:AQ$190,45),AQ$5:AQ$190,0)) -> 0.098484848 | R239: =INDEX(AL$5:AL$190,MATCH(LARGE(AQ$5:AQ$190,45),AQ$5:AQ$190,0)) -> 0.65200596 | S239: =INDEX(AM$5:AM$190,MATCH(LARGE(AQ$5:AQ$190,45),AQ$5:AQ$190,0)) -> 0.16666667 | T239: =INDEX(AN$5:AN$190,MATCH(LARGE(AQ$5:AQ$190,45),AQ$5:AQ$190,0)) -> 0.19354839 | U239: =INDEX(AO$5:AO$190,MATCH(LARGE(AQ$5:AQ$190,45),AQ$5:AQ$190,0)) -> 0 | V239: =INDEX(AP$5:AP$190,MATCH(LARGE(AQ$5:AQ$190,45),AQ$5:AQ$190,0)) -> 0.5
A240: 46 | B240: =INDEX($A$5:$A$190,MATCH(LARGE(AQ$5:AQ$190,46),AQ$5:AQ$190,0)) -> Ship: shoot(IPosition) | C240: =INDEX(W$5:W$190,MATCH(LARGE(AQ$5:AQ$190,46),AQ$5:AQ$190,0)) -> 0.078947368 | D240: =INDEX(X$5:X$190,MATCH(LARGE(AQ$5:AQ$190,46),AQ$5:AQ$190,0)) -> 0.05 | E240: =INDEX(Y$5:Y$190,MATCH(LARGE(AQ$5:AQ$190,46),AQ$5:AQ$190,0)) -> 0.25 | F240: =INDEX(Z$5:Z$190,MATCH(LARGE(AQ$5:AQ$190,46),AQ$5:AQ$190,0)) -> 0.10344828 | G240: =INDEX(AA$5:AA$190,MATCH(LARGE(AQ$5:AQ$190,46),AQ$5:AQ$190,0)) -> 0.25 | H240: =INDEX(AB$5:AB$190,MATCH(LARGE(AQ$5:AQ$190,46),AQ$5:AQ$190,0)) -> 0 | I240: =INDEX(AC$5:AC$190,MATCH(LARGE(AQ$5:AQ$190,46),AQ$5:AQ$190,0)) -> 0.0999001 | J240: =INDEX(AD$5:AD$190,MATCH(LARGE(AQ$5:AQ$190,46),AQ$5:AQ$190,0)) -> 0.0033104759 | K240: =INDEX(AE$5:AE$190,MATCH(LARGE(AQ$5:AQ$190,46),AQ$5:AQ$190,0)) -> 0.022236341 | L240: =INDEX(AF$5:AF$190,MATCH(LARGE(AQ$5:AQ$190,46),AQ$5:AQ$190,0)) -> 0.045945946 | M240: =INDEX(AG$5:AG$190,MATCH(LARGE(AQ$5:AQ$190,46),AQ$5:AQ$190,0)) -> 0.13265306 | N240: =INDEX(AH$5:AH$190,MATCH(LARGE(AQ$5:AQ$190,46),AQ$5:AQ$190,0)) -> 0.025703361 | O240: =INDEX(AI$5:AI$190,MATCH(LARGE(AQ$5:AQ$190,46),AQ$5:AQ$190,0)) -> 1 | P240: =INDEX(AJ$5:AJ$190,MATCH(LARGE(AQ$5:AQ$190,46),AQ$5:AQ$190,0)) -> 0.33333333 | Q240: =INDEX(AK$5:AK$190,MATCH(LARGE(AQ$5:AQ$190,46),AQ$5:AQ$190,0)) -> 0.15909091 | R240: =INDEX(AL$5:AL$190,MATCH(LARGE(AQ$5:AQ$190,46),AQ$5:AQ$190,0)) -> 0.61031859 | S240: =INDEX(AM$5:AM$190,MATCH(LARGE(AQ$5:AQ$190,46),AQ$5:AQ$190,0)) -> 0.33333333 | T240: =INDEX(AN$5:AN$190,MATCH(LARGE(AQ$5:AQ$190,46),AQ$5:AQ$190,0)) -> 0.064516129 | U240: =INDEX(AO$5:AO$190,MATCH(LARGE(AQ$5:AQ$190,46),AQ$5:AQ$190,0)) -> 0.083333333 | V240: =INDEX(AP$5:AP$190,MATCH(LARGE(AQ$5:AQ$190,46),AQ$5:AQ$190,0)) -> 0.25
A241: 47 | B241: =INDEX($A$5:$A$190,MATCH(LARGE(AQ$5:AQ$190,47),AQ$5:AQ$190,0)) -> Game: printBothBoards(boolean) | C241: =INDEX(W$5:W$190,MATCH(LARGE(AQ$5:AQ$190,47),AQ$5:AQ$190,0)) -> 0.078947368 | D241: =INDEX(X$5:X$190,MATCH(LARGE(AQ$5:AQ$190,47),AQ$5:AQ$190,0)) -> 0.05 | E241: =INDEX(Y$5:Y$190,MATCH(LARGE(AQ$5:AQ$190,47),AQ$5:AQ$190,0)) -> 0.5 | F241: =INDEX(Z$5:Z$190,MATCH(LARGE(AQ$5:AQ$190,47),AQ$5:AQ$190,0)) -> 0.17241379 | G241: =INDEX(AA$5:AA$190,MATCH(LARGE(AQ$5:AQ$190,47),AQ$5:AQ$190,0)) -> 0 | H241: =INDEX(AB$5:AB$190,MATCH(LARGE(AQ$5:AQ$190,47),AQ$5:AQ$190,0)) -> 0 | I241: =INDEX(AC$5:AC$190,MATCH(LARGE(AQ$5:AQ$190,47),AQ$5:AQ$190,0)) -> 0.10822478 | J241: =INDEX(AD$5:AD$190,MATCH(LARGE(AQ$5:AQ$190,47),AQ$5:AQ$190,0)) -> 0.013237288 | K241: =INDEX(AE$5:AE$190,MATCH(LARGE(AQ$5:AQ$190,47),AQ$5:AQ$190,0)) -> 0.055999274 | L241: =INDEX(AF$5:AF$190,MATCH(LARGE(AQ$5:AQ$190,47),AQ$5:AQ$190,0)) -> 0.13513514 | M241: =INDEX(AG$5:AG$190,MATCH(LARGE(AQ$5:AQ$190,47),AQ$5:AQ$190,0)) -> 0.25510204 | N241: =INDEX(AH$5:AH$190,MATCH(LARGE(AQ$5:AQ$190,47),AQ$5:AQ$190,0)) -> 0.094871602 | O241: =INDEX(AI$5:AI$190,MATCH(LARGE(AQ$5:AQ$190,47),AQ$5:AQ$190,0)) -> 1 | P241: =INDEX(AJ$5:AJ$190,MATCH(LARGE(AQ$5:AQ$190,47),AQ$5:AQ$190,0)) -> 0 | Q241: =INDEX(AK$5:AK$190,MATCH(LARGE(AQ$5:AQ$190,47),AQ$5:AQ$190,0)) -> 0.083333333 | R241: =INDEX(AL$5:AL$190,MATCH(LARGE(AQ$5:AQ$190,47),AQ$5:AQ$190,0)) -> 0.63238064 | S241: =INDEX(AM$5:AM$190,MATCH(LARGE(AQ$5:AQ$190,47),AQ$5:AQ$190,0)) -> 0.16666667 | T241: =INDEX(AN$5:AN$190,MATCH(LARGE(AQ$5:AQ$190,47),AQ$5:AQ$190,0)) -> 0.29032258 | U241: =INDEX(AO$5:AO$190,MATCH(LARGE(AQ$5:AQ$190,47),AQ$5:AQ$190,0)) -> 0 | V241: =INDEX(AP$5:AP$190,MATCH(LARGE(AQ$5:AQ$190,47),AQ$5:AQ$190,0)) -> 0.25
A242: 48 | B242: =INDEX($A$5:$A$190,MATCH(LARGE(AQ$5:AQ$190,48),AQ$5:AQ$190,0)) -> Game: Game(IFleet) | C242: =INDEX(W$5:W$190,MATCH(LARGE(AQ$5:AQ$190,48),AQ$5:AQ$190,0)) -> 0.026315789 | D242: =INDEX(X$5:X$190,MATCH(LARGE(AQ$5:AQ$190,48),AQ$5:AQ$190,0)) -> 0 | E242: =INDEX(Y$5:Y$190,MATCH(LARGE(AQ$5:AQ$190,48),AQ$5:AQ$190,0)) -> 1 | F242: =INDEX(Z$5:Z$190,MATCH(LARGE(AQ$5:AQ$190,48),AQ$5:AQ$190,0)) -> 0.034482759 | G242: =INDEX(AA$5:AA$190,MATCH(LARGE(AQ$5:AQ$190,48),AQ$5:AQ$190,0)) -> 0 | H242: =INDEX(AB$5:AB$190,MATCH(LARGE(AQ$5:AQ$190,48),AQ$5:AQ$190,0)) -> 0 | I242: =INDEX(AC$5:AC$190,MATCH(LARGE(AQ$5:AQ$190,48),AQ$5:AQ$190,0)) -> 0.024975025 | J242: =INDEX(AD$5:AD$190,MATCH(LARGE(AQ$5:AQ$190,48),AQ$5:AQ$190,0)) -> 0.0014734865 | K242: =INDEX(AE$5:AE$190,MATCH(LARGE(AQ$5:AQ$190,48),AQ$5:AQ$190,0)) -> 0.012978762 | L242: =INDEX(AF$5:AF$190,MATCH(LARGE(AQ$5:AQ$190,48),AQ$5:AQ$190,0)) -> 0.075675676 | M242: =INDEX(AG$5:AG$190,MATCH(LARGE(AQ$5:AQ$190,48),AQ$5:AQ$190,0)) -> 0.16326531 | N242: =INDEX(AH$5:AH$190,MATCH(LARGE(AQ$5:AQ$190,48),AQ$5:AQ$190,0)) -> 0.045762054 | O242: =INDEX(AI$5:AI$190,MATCH(LARGE(AQ$5:AQ$190,48),AQ$5:AQ$190,0)) -> 1 | P242: =INDEX(AJ$5:AJ$190,MATCH(LARGE(AQ$5:AQ$190,48),AQ$5:AQ$190,0)) -> 0 | Q242: =INDEX(AK$5:AK$190,MATCH(LARGE(AQ$5:AQ$190,48),AQ$5:AQ$190,0)) -> 0.10606061 | R242: =INDEX(AL$5:AL$190,MATCH(LARGE(AQ$5:AQ$190,48),AQ$5:AQ$190,0)) -> 0.63319079 | S242: =INDEX(AM$5:AM$190,MATCH(LARGE(AQ$5:AQ$190,48),AQ$5:AQ$190,0)) -> 0.16666667 | T242: =INDEX(AN$5:AN$190,MATCH(LARGE(AQ$5:AQ$190,48),AQ$5:AQ$190,0)) -> 0.32258065 | U242: =INDEX(AO$5:AO$190,MATCH(LARGE(AQ$5:AQ$190,48),AQ$5:AQ$190,0)) -> 0 | V242: =INDEX(AP$5:AP$190,MATCH(LARGE(AQ$5:AQ$190,48),AQ$5:AQ$190,0)) -> 0.25
A243: 49 | B243: =INDEX($A$5:$A$190,MATCH(LARGE(AQ$5:AQ$190,49),AQ$5:AQ$190,0)) -> Position: equals(Object) | C243: =INDEX(W$5:W$190,MATCH(LARGE(AQ$5:AQ$190,49),AQ$5:AQ$190,0)) -> 0.10526316 | D243: =INDEX(X$5:X$190,MATCH(LARGE(AQ$5:AQ$190,49),AQ$5:AQ$190,0)) -> 0.075 | E243: =INDEX(Y$5:Y$190,MATCH(LARGE(AQ$5:AQ$190,49),AQ$5:AQ$190,0)) -> 0.5 | F243: =INDEX(Z$5:Z$190,MATCH(LARGE(AQ$5:AQ$190,49),AQ$5:AQ$190,0)) -> 0.068965517 | G243: =INDEX(AA$5:AA$190,MATCH(LARGE(AQ$5:AQ$190,49),AQ$5:AQ$190,0)) -> 0.25 | H243: =INDEX(AB$5:AB$190,MATCH(LARGE(AQ$5:AQ$190,49),AQ$5:AQ$190,0)) -> 0 | I243: =INDEX(AC$5:AC$190,MATCH(LARGE(AQ$5:AQ$190,49),AQ$5:AQ$190,0)) -> 0.074925075 | J243: =INDEX(AD$5:AD$190,MATCH(LARGE(AQ$5:AQ$190,49),AQ$5:AQ$190,0)) -> 0.0041047125 | K243: =INDEX(AE$5:AE$190,MATCH(LARGE(AQ$5:AQ$190,49),AQ$5:AQ$190,0)) -> 0.025594482 | L243: =INDEX(AF$5:AF$190,MATCH(LARGE(AQ$5:AQ$190,49),AQ$5:AQ$190,0)) -> 0.07027027 | M243: =INDEX(AG$5:AG$190,MATCH(LARGE(AQ$5:AQ$190,49),AQ$5:AQ$190,0)) -> 0.16326531 | N243: =INDEX(AH$5:AH$190,MATCH(LARGE(AQ$5:AQ$190,49),AQ$5:AQ$190,0)) -> 0.042493336 | O243: =INDEX(AI$5:AI$190,MATCH(LARGE(AQ$5:AQ$190,49),AQ$5:AQ$190,0)) -> 1 | P243: =INDEX(AJ$5:AJ$190,MATCH(LARGE(AQ$5:AQ$190,49),AQ$5:AQ$190,0)) -> 0 | Q243: =INDEX(AK$5:AK$190,MATCH(LARGE(AQ$5:AQ$190,49),AQ$5:AQ$190,0)) -> 0.13636364 | R243: =INDEX(AL$5:AL$190,MATCH(LARGE(AQ$5:AQ$190,49),AQ$5:AQ$190,0)) -> 0.60874005 | S243: =INDEX(AM$5:AM$190,MATCH(LARGE(AQ$5:AQ$190,49),AQ$5:AQ$190,0)) -> 0.33333333 | T243: =INDEX(AN$5:AN$190,MATCH(LARGE(AQ$5:AQ$190,49),AQ$5:AQ$190,0)) -> 0.12903226 | U243: =INDEX(AO$5:AO$190,MATCH(LARGE(AQ$5:AQ$190,49),AQ$5:AQ$190,0)) -> 0 | V243: =INDEX(AP$5:AP$190,MATCH(LARGE(AQ$5:AQ$190,49),AQ$5:AQ$190,0)) -> 0.25
A244: 50 | B244: =INDEX($A$5:$A$190,MATCH(LARGE(AQ$5:AQ$190,50),AQ$5:AQ$190,0)) -> Ship: getBottomMostPos() | C244: =INDEX(W$5:W$190,MATCH(LARGE(AQ$5:AQ$190,50),AQ$5:AQ$190,0)) -> 0.078947368 | D244: =INDEX(X$5:X$190,MATCH(LARGE(AQ$5:AQ$190,50),AQ$5:AQ$190,0)) -> 0.05 | E244: =INDEX(Y$5:Y$190,MATCH(LARGE(AQ$5:AQ$190,50),AQ$5:AQ$190,0)) -> 0.5 | F244: =INDEX(Z$5:Z$190,MATCH(LARGE(AQ$5:AQ$190,50),AQ$5:AQ$190,0)) -> 0.068965517 | G244: =INDEX(AA$5:AA$190,MATCH(LARGE(AQ$5:AQ$190,50),AQ$5:AQ$190,0)) -> 0.25 | H244: =INDEX(AB$5:AB$190,MATCH(LARGE(AQ$5:AQ$190,50),AQ$5:AQ$190,0)) -> 0 | I244: =INDEX(AC$5:AC$190,MATCH(LARGE(AQ$5:AQ$190,50),AQ$5:AQ$190,0)) -> 0.13486513 | J244: =INDEX(AD$5:AD$190,MATCH(LARGE(AQ$5:AQ$190,50),AQ$5:AQ$190,0)) -> 0.0082409997 | K244: =INDEX(AE$5:AE$190,MATCH(LARGE(AQ$5:AQ$190,50),AQ$5:AQ$190,0)) -> 0.040842258 | L244: =INDEX(AF$5:AF$190,MATCH(LARGE(AQ$5:AQ$190,50),AQ$5:AQ$190,0)) -> 0.078378378 | M244: =INDEX(AG$5:AG$190,MATCH(LARGE(AQ$5:AQ$190,50),AQ$5:AQ$190,0)) -> 0.16326531 | N244: =INDEX(AH$5:AH$190,MATCH(LARGE(AQ$5:AQ$190,50),AQ$5:AQ$190,0)) -> 0.047396413 | O244: =INDEX(AI$5:AI$190,MATCH(LARGE(AQ$5:AQ$190,50),AQ$5:AQ$190,0)) -> 1 | P244: =INDEX(AJ$5:AJ$190,MATCH(LARGE(AQ$5:AQ$190,50),AQ$5:AQ$190,0)) -> 0.33333333 | Q244: =INDEX(AK$5:AK$190,MATCH(LARGE(AQ$5:AQ$190,50),AQ$5:AQ$190,0)) -> 0.14393939 | R244: =INDEX(AL$5:AL$190,MATCH(LARGE(AQ$5:AQ$190,50),AQ$5:AQ$190,0)) -> 0.60032949 | S244: =INDEX(AM$5:AM$190,MATCH(LARGE(AQ$5:AQ$190,50),AQ$5:AQ$190,0)) -> 0.16666667 | T244: =INDEX(AN$5:AN$190,MATCH(LARGE(AQ$5:AQ$190,50),AQ$5:AQ$190,0)) -> 0.064516129 | U244: =INDEX(AO$5:AO$190,MATCH(LARGE(AQ$5:AQ$190,50),AQ$5:AQ$190,0)) -> 0.083333333 | V244: =INDEX(AP$5:AP$190,MATCH(LARGE(AQ$5:AQ$190,50),AQ$5:AQ$190,0)) -> 0
A245: 51 | B245: =INDEX($A$5:$A$190,MATCH(LARGE(AQ$5:AQ$190,51),AQ$5:AQ$190,0)) -> Ship: getBottomMostPos() | C245: =INDEX(W$5:W$190,MATCH(LARGE(AQ$5:AQ$190,51),AQ$5:AQ$190,0)) -> 0.078947368 | D245: =INDEX(X$5:X$190,MATCH(LARGE(AQ$5:AQ$190,51),AQ$5:AQ$190,0)) -> 0.05 | E245: =INDEX(Y$5:Y$190,MATCH(LARGE(AQ$5:AQ$190,51),AQ$5:AQ$190,0)) -> 0.5 | F245: =INDEX(Z$5:Z$190,MATCH(LARGE(AQ$5:AQ$190,51),AQ$5:AQ$190,0)) -> 0.068965517 | G245: =INDEX(AA$5:AA$190,MATCH(LARGE(AQ$5:AQ$190,51),AQ$5:AQ$190,0)) -> 0.25 | H245: =INDEX(AB$5:AB$190,MATCH(LARGE(AQ$5:AQ$190,51),AQ$5:AQ$190,0)) -> 0 | I245: =INDEX(AC$5:AC$190,MATCH(LARGE(AQ$5:AQ$190,51),AQ$5:AQ$190,0)) -> 0.13486513 | J245: =INDEX(AD$5:AD$190,MATCH(LARGE(AQ$5:AQ$190,51),AQ$5:AQ$190,0)) -> 0.0082409997 | K245: =INDEX(AE$5:AE$190,MATCH(LARGE(AQ$5:AQ$190,51),AQ$5:AQ$190,0)) -> 0.040842258 | L245: =INDEX(AF$5:AF$190,MATCH(LARGE(AQ$5:AQ$190,51),AQ$5:AQ$190,0)) -> 0.078378378 | M245: =INDEX(AG$5:AG$190,MATCH(LARGE(AQ$5:AQ$190,51),AQ$5:AQ$190,0)) -> 0.16326531 | N245: =INDEX(AH$5:AH$190,MATCH(LARGE(AQ$5:AQ$190,51),AQ$5:AQ$190,0)) -> 0.047396413 | O245: =INDEX(AI$5:AI$190,MATCH(LARGE(AQ$5:AQ$190,51),AQ$5:AQ$190,0)) -> 1 | P245: =INDEX(AJ$5:AJ$190,MATCH(LARGE(AQ$5:AQ$190,51),AQ$5:AQ$190,0)) -> 0.33333333 | Q245: =INDEX(AK$5:AK$190,MATCH(LARGE(AQ$5:AQ$190,51),AQ$5:AQ$190,0)) -> 0.14393939 | R245: =INDEX(AL$5:AL$190,MATCH(LARGE(AQ$5:AQ$190,51),AQ$5:AQ$190,0)) -> 0.60032949 | S245: =INDEX(AM$5:AM$190,MATCH(LARGE(AQ$5:AQ$190,51),AQ$5:AQ$190,0)) -> 0.16666667 | T245: =INDEX(AN$5:AN$190,MATCH(LARGE(AQ$5:AQ$190,51),AQ$5:AQ$190,0)) -> 0.064516129 | U245: =INDEX(AO$5:AO$190,MATCH(LARGE(AQ$5:AQ$190,51),AQ$5:AQ$190,0)) -> 0.083333333 | V245: =INDEX(AP$5:AP$190,MATCH(LARGE(AQ$5:AQ$190,51),AQ$5:AQ$190,0)) -> 0
A246: 52 | B246: =INDEX($A$5:$A$190,MATCH(LARGE(AQ$5:AQ$190,52),AQ$5:AQ$190,0)) -> Ship: getLeftMostPos() | C246: =INDEX(W$5:W$190,MATCH(LARGE(AQ$5:AQ$190,52),AQ$5:AQ$190,0)) -> 0.078947368 | D246: =INDEX(X$5:X$190,MATCH(LARGE(AQ$5:AQ$190,52),AQ$5:AQ$190,0)) -> 0.05 | E246: =INDEX(Y$5:Y$190,MATCH(LARGE(AQ$5:AQ$190,52),AQ$5:AQ$190,0)) -> 0.5 | F246: =INDEX(Z$5:Z$190,MATCH(LARGE(AQ$5:AQ$190,52),AQ$5:AQ$190,0)) -> 0.068965517 | G246: =INDEX(AA$5:AA$190,MATCH(LARGE(AQ$5:AQ$190,52),AQ$5:AQ$190,0)) -> 0.25 | H246: =INDEX(AB$5:AB$190,MATCH(LARGE(AQ$5:AQ$190,52),AQ$5:AQ$190,0)) -> 0 | I246: =INDEX(AC$5:AC$190,MATCH(LARGE(AQ$5:AQ$190,52),AQ$5:AQ$190,0)) -> 0.12362637 | J246: =INDEX(AD$5:AD$190,MATCH(LARGE(AQ$5:AQ$190,52),AQ$5:AQ$190,0)) -> 0.007378407 | K246: =INDEX(AE$5:AE$190,MATCH(LARGE(AQ$5:AQ$190,52),AQ$5:AQ$190,0)) -> 0.03793792 | L246: =INDEX(AF$5:AF$190,MATCH(LARGE(AQ$5:AQ$190,52),AQ$5:AQ$190,0)) -> 0.078378378 | M246: =INDEX(AG$5:AG$190,MATCH(LARGE(AQ$5:AQ$190,52),AQ$5:AQ$190,0)) -> 0.15306122 | N246: =INDEX(AH$5:AH$190,MATCH(LARGE(AQ$5:AQ$190,52),AQ$5:AQ$190,0)) -> 0.046293139 | O246: =INDEX(AI$5:AI$190,MATCH(LARGE(AQ$5:AQ$190,52),AQ$5:AQ$190,0)) -> 1 | P246: =INDEX(AJ$5:AJ$190,MATCH(LARGE(AQ$5:AQ$190,52),AQ$5:AQ$190,0)) -> 0.33333333 | Q246: =INDEX(AK$5:AK$190,MATCH(LARGE(AQ$5:AQ$190,52),AQ$5:AQ$190,0)) -> 0.14393939 | R246: =INDEX(AL$5:AL$190,MATCH(LARGE(AQ$5:AQ$190,52),AQ$5:AQ$190,0)) -> 0.60116157 | S246: =INDEX(AM$5:AM$190,MATCH(LARGE(AQ$5:AQ$190,52),AQ$5:AQ$190,0)) -> 0.16666667 | T246: =INDEX(AN$5:AN$190,MATCH(LARGE(AQ$5:AQ$190,52),AQ$5:AQ$190,0)) -> 0.064516129 | U246: =INDEX(AO$5:AO$190,MATCH(LARGE(AQ$5:AQ$190,52),AQ$5:AQ$190,0)) -> 0.083333333 | V246: =INDEX(AP$5:AP$190,MATCH(LARGE(AQ$5:AQ$190,52),AQ$5:AQ$190,0)) -> 0
A247: 53 | B247: =INDEX($A$5:$A$190,MATCH(LARGE(AQ$5:AQ$190,53),AQ$5:AQ$190,0)) -> Ship: getLeftMostPos() | C247: =INDEX(W$5:W$190,MATCH(LARGE(AQ$5:AQ$190,53),AQ$5:AQ$190,0)) -> 0.078947368 | D247: =INDEX(X$5:X$190,MATCH(LARGE(AQ$5:AQ$190,53),AQ$5:AQ$190,0)) -> 0.05 | E247: =INDEX(Y$5:Y$190,MATCH(LARGE(AQ$5:AQ$190,53),AQ$5:AQ$190,0)) -> 0.5 | F247: =INDEX(Z$5:Z$190,MATCH(LARGE(AQ$5:AQ$190,53),AQ$5:AQ$190,0)) -> 0.068965517 | G247: =INDEX(AA$5:AA$190,MATCH(LARGE(AQ$5:AQ$190,53),AQ$5:AQ$190,0)) -> 0.25 | H247: =INDEX(AB$5:AB$190,MATCH(LARGE(AQ$5:AQ$190,53),AQ$5:AQ$190,0)) -> 0 | I247: =INDEX(AC$5:AC$190,MATCH(LARGE(AQ$5:AQ$190,53),AQ$5:AQ$190,0)) -> 0.12362637 | J247: =INDEX(AD$5:AD$190,MATCH(LARGE(AQ$5:AQ$190,53),AQ$5:AQ$190,0)) -> 0.007378407 | K247: =INDEX(AE$5:AE$190,MATCH(LARGE(AQ$5:AQ$190,53),AQ$5:AQ$190,0)) -> 0.03793792 | L247: =INDEX(AF$5:AF$190,MATCH(LARGE(AQ$5:AQ$190,53),AQ$5:AQ$190,0)) -> 0.078378378 | M247: =INDEX(AG$5:AG$190,MATCH(LARGE(AQ$5:AQ$190,53),AQ$5:AQ$190,0)) -> 0.15306122 | N247: =INDEX(AH$5:AH$190,MATCH(LARGE(AQ$5:AQ$190,53),AQ$5:AQ$190,0)) -> 0.046293139 | O247: =INDEX(AI$5:AI$190,MATCH(LARGE(AQ$5:AQ$190,53),AQ$5:AQ$190,0)) -> 1 | P247: =INDEX(AJ$5:AJ$190,MATCH(LARGE(AQ$5:AQ$190,53),AQ$5:AQ$190,0)) -> 0.33333333 | Q247: =INDEX(AK$5:AK$190,MATCH(LARGE(AQ$5:AQ$190,53),AQ$5:AQ$190,0)) -> 0.14393939 | R247: =INDEX(AL$5:AL$190,MATCH(LARGE(AQ$5:AQ$190,53),AQ$5:AQ$190,0)) -> 0.60116157 | S247: =INDEX(AM$5:AM$190,MATCH(LARGE(AQ$5:AQ$190,53),AQ$5:AQ$190,0)) -> 0.16666667 | T247: =INDEX(AN$5:AN$190,MATCH(LARGE(AQ$5:AQ$190,53),AQ$5:AQ$190,0)) -> 0.064516129 | U247: =INDEX(AO$5:AO$190,MATCH(LARGE(AQ$5:AQ$190,53),AQ$5:AQ$190,0)) -> 0.083333333 | V247: =INDEX(AP$5:AP$190,MATCH(LARGE(AQ$5:AQ$190,53),AQ$5:AQ$190,0)) -> 0
A248: 54 | B248: =INDEX($A$5:$A$190,MATCH(LARGE(AQ$5:AQ$190,54),AQ$5:AQ$190,0)) -> IMove: readMove(int, Scanner) | C248: =INDEX(W$5:W$190,MATCH(LARGE(AQ$5:AQ$190,54),AQ$5:AQ$190,0)) -> 0.052631579 | D248: =INDEX(X$5:X$190,MATCH(LARGE(AQ$5:AQ$190,54),AQ$5:AQ$190,0)) -> 0.025 | E248: =INDEX(Y$5:Y$190,MATCH(LARGE(AQ$5:AQ$190,54),AQ$5:AQ$190,0)) -> 1 | F248: =INDEX(Z$5:Z$190,MATCH(LARGE(AQ$5:AQ$190,54),AQ$5:AQ$190,0)) -> 0.068965517 | G248: =INDEX(AA$5:AA$190,MATCH(LARGE(AQ$5:AQ$190,54),AQ$5:AQ$190,0)) -> 0 | H248: =INDEX(AB$5:AB$190,MATCH(LARGE(AQ$5:AQ$190,54),AQ$5:AQ$190,0)) -> 0 | I248: =INDEX(AC$5:AC$190,MATCH(LARGE(AQ$5:AQ$190,54),AQ$5:AQ$190,0)) -> 0.067432567 | J248: =INDEX(AD$5:AD$190,MATCH(LARGE(AQ$5:AQ$190,54),AQ$5:AQ$190,0)) -> 0.0043557904 | K248: =INDEX(AE$5:AE$190,MATCH(LARGE(AQ$5:AQ$190,54),AQ$5:AQ$190,0)) -> 0.026683609 | L248: =INDEX(AF$5:AF$190,MATCH(LARGE(AQ$5:AQ$190,54),AQ$5:AQ$190,0)) -> 0.081081081 | M248: =INDEX(AG$5:AG$190,MATCH(LARGE(AQ$5:AQ$190,54),AQ$5:AQ$190,0)) -> 0.17346939 | N248: =INDEX(AH$5:AH$190,MATCH(LARGE(AQ$5:AQ$190,54),AQ$5:AQ$190,0)) -> 0.050102871 | O248: =INDEX(AI$5:AI$190,MATCH(LARGE(AQ$5:AQ$190,54),AQ$5:AQ$190,0)) -> 0 | P248: =INDEX(AJ$5:AJ$190,MATCH(LARGE(AQ$5:AQ$190,54),AQ$5:AQ$190,0)) -> 0.33333333 | Q248: =INDEX(AK$5:AK$190,MATCH(LARGE(AQ$5:AQ$190,54),AQ$5:AQ$190,0)) -> 0.075757576 | R248: =INDEX(AL$5:AL$190,MATCH(LARGE(AQ$5:AQ$190,54),AQ$5:AQ$190,0)) -> 0.6627812 | S248: =INDEX(AM$5:AM$190,MATCH(LARGE(AQ$5:AQ$190,54),AQ$5:AQ$190,0)) -> 0.33333333 | T248: =INDEX(AN$5:AN$190,MATCH(LARGE(AQ$5:AQ$190,54),AQ$5:AQ$190,0)) -> 0.22580645 | U248: =INDEX(AO$5:AO$190,MATCH(LARGE(AQ$5:AQ$190,54),AQ$5:AQ$190,0)) -> 0.083333333 | V248: =INDEX(AP$5:AP$190,MATCH(LARGE(AQ$5:AQ$190,54),AQ$5:AQ$190,0)) -> 0.5
A249: 55 | B249: =INDEX($A$5:$A$190,MATCH(LARGE(AQ$5:AQ$190,55),AQ$5:AQ$190,0)) -> BoardWindow: close() | C249: =INDEX(W$5:W$190,MATCH(LARGE(AQ$5:AQ$190,55),AQ$5:AQ$190,0)) -> 0.052631579 | D249: =INDEX(X$5:X$190,MATCH(LARGE(AQ$5:AQ$190,55),AQ$5:AQ$190,0)) -> 0.025 | E249: =INDEX(Y$5:Y$190,MATCH(LARGE(AQ$5:AQ$190,55),AQ$5:AQ$190,0)) -> 1 | F249: =INDEX(Z$5:Z$190,MATCH(LARGE(AQ$5:AQ$190,55),AQ$5:AQ$190,0)) -> 0.034482759 | G249: =INDEX(AA$5:AA$190,MATCH(LARGE(AQ$5:AQ$190,55),AQ$5:AQ$190,0)) -> 0.25 | H249: =INDEX(AB$5:AB$190,MATCH(LARGE(AQ$5:AQ$190,55),AQ$5:AQ$190,0)) -> 0 | I249: =INDEX(AC$5:AC$190,MATCH(LARGE(AQ$5:AQ$190,55),AQ$5:AQ$190,0)) -> 0.074925075 | J249: =INDEX(AD$5:AD$190,MATCH(LARGE(AQ$5:AQ$190,55),AQ$5:AQ$190,0)) -> 0.0013024569 | K249: =INDEX(AE$5:AE$190,MATCH(LARGE(AQ$5:AQ$190,55),AQ$5:AQ$190,0)) -> 0.011889635 | L249: =INDEX(AF$5:AF$190,MATCH(LARGE(AQ$5:AQ$190,55),AQ$5:AQ$190,0)) -> 0.02972973 | M249: =INDEX(AG$5:AG$190,MATCH(LARGE(AQ$5:AQ$190,55),AQ$5:AQ$190,0)) -> 0.081632653 | N249: =INDEX(AH$5:AH$190,MATCH(LARGE(AQ$5:AQ$190,55),AQ$5:AQ$190,0)) -> 0.013483462 | O249: =INDEX(AI$5:AI$190,MATCH(LARGE(AQ$5:AQ$190,55),AQ$5:AQ$190,0)) -> 1 | P249: =INDEX(AJ$5:AJ$190,MATCH(LARGE(AQ$5:AQ$190,55),AQ$5:AQ$190,0)) -> 0 | Q249: =INDEX(AK$5:AK$190,MATCH(LARGE(AQ$5:AQ$190,55),AQ$5:AQ$190,0)) -> 0.045454545 | R249: =INDEX(AL$5:AL$190,MATCH(LARGE(AQ$5:AQ$190,55),AQ$5:AQ$190,0)) -> 0.75481602 | S249: =INDEX(AM$5:AM$190,MATCH(LARGE(AQ$5:AQ$190,55),AQ$5:AQ$190,0)) -> 0.33333333 | T249: =INDEX(AN$5:AN$190,MATCH(LARGE(AQ$5:AQ$190,55),AQ$5:AQ$190,0)) -> 0.032258065 | U249: =INDEX(AO$5:AO$190,MATCH(LARGE(AQ$5:AQ$190,55),AQ$5:AQ$190,0)) -> 0 | V249: =INDEX(AP$5:AP$190,MATCH(LARGE(AQ$5:AQ$190,55),AQ$5:AQ$190,0)) -> 0
A250: 56 | B250: =INDEX($A$5:$A$190,MATCH(LARGE(AQ$5:AQ$190,56),AQ$5:AQ$190,0)) -> Ship: stillFloating() | C250: =INDEX(W$5:W$190,MATCH(LARGE(AQ$5:AQ$190,56),AQ$5:AQ$190,0)) -> 0.078947368 | D250: =INDEX(X$5:X$190,MATCH(LARGE(AQ$5:AQ$190,56),AQ$5:AQ$190,0)) -> 0.05 | E250: =INDEX(Y$5:Y$190,MATCH(LARGE(AQ$5:AQ$190,56),AQ$5:AQ$190,0)) -> 0.5 | F250: =INDEX(Z$5:Z$190,MATCH(LARGE(AQ$5:AQ$190,56),AQ$5:AQ$190,0)) -> 0.068965517 | G250: =INDEX(AA$5:AA$190,MATCH(LARGE(AQ$5:AQ$190,56),AQ$5:AQ$190,0)) -> 0.25 | H250: =INDEX(AB$5:AB$190,MATCH(LARGE(AQ$5:AQ$190,56),AQ$5:AQ$190,0)) -> 0 | I250: =INDEX(AC$5:AC$190,MATCH(LARGE(AQ$5:AQ$190,56),AQ$5:AQ$190,0)) -> 0.097402597 | J250: =INDEX(AD$5:AD$190,MATCH(LARGE(AQ$5:AQ$190,56),AQ$5:AQ$190,0)) -> 0.0041944652 | K250: =INDEX(AE$5:AE$190,MATCH(LARGE(AQ$5:AQ$190,56),AQ$5:AQ$190,0)) -> 0.026048285 | L250: =INDEX(AF$5:AF$190,MATCH(LARGE(AQ$5:AQ$190,56),AQ$5:AQ$190,0)) -> 0.054054054 | M250: =INDEX(AG$5:AG$190,MATCH(LARGE(AQ$5:AQ$190,56),AQ$5:AQ$190,0)) -> 0.17346939 | N250: =INDEX(AH$5:AH$190,MATCH(LARGE(AQ$5:AQ$190,56),AQ$5:AQ$190,0)) -> 0.033401927 | O250: =INDEX(AI$5:AI$190,MATCH(LARGE(AQ$5:AQ$190,56),AQ$5:AQ$190,0)) -> 1 | P250: =INDEX(AJ$5:AJ$190,MATCH(LARGE(AQ$5:AQ$190,56),AQ$5:AQ$190,0)) -> 0.33333333 | Q250: =INDEX(AK$5:AK$190,MATCH(LARGE(AQ$5:AQ$190,56),AQ$5:AQ$190,0)) -> 0.13636364 | R250: =INDEX(AL$5:AL$190,MATCH(LARGE(AQ$5:AQ$190,56),AQ$5:AQ$190,0)) -> 0.61707856 | S250: =INDEX(AM$5:AM$190,MATCH(LARGE(AQ$5:AQ$190,56),AQ$5:AQ$190,0)) -> 0.16666667 | T250: =INDEX(AN$5:AN$190,MATCH(LARGE(AQ$5:AQ$190,56),AQ$5:AQ$190,0)) -> 0.032258065 | U250: =INDEX(AO$5:AO$190,MATCH(LARGE(AQ$5:AQ$190,56),AQ$5:AQ$190,0)) -> 0.083333333 | V250: =INDEX(AP$5:AP$190,MATCH(LARGE(AQ$5:AQ$190,56),AQ$5:AQ$190,0)) -> 0
A251: 57 | B251: =INDEX($A$5:$A$190,MATCH(LARGE(AQ$5:AQ$190,57),AQ$5:AQ$190,0)) -> Galleon: fillSouth(IPosition) | C251: =INDEX(W$5:W$190,MATCH(LARGE(AQ$5:AQ$190,57),AQ$5:AQ$190,0)) -> 0.078947368 | D251: =INDEX(X$5:X$190,MATCH(LARGE(AQ$5:AQ$190,57),AQ$5:AQ$190,0)) -> 0.05 | E251: =INDEX(Y$5:Y$190,MATCH(LARGE(AQ$5:AQ$190,57),AQ$5:AQ$190,0)) -> 0.75 | F251: =INDEX(Z$5:Z$190,MATCH(LARGE(AQ$5:AQ$190,57),AQ$5:AQ$190,0)) -> 0.13793103 | G251: =INDEX(AA$5:AA$190,MATCH(LARGE(AQ$5:AQ$190,57),AQ$5:AQ$190,0)) -> 0 | H251: =INDEX(AB$5:AB$190,MATCH(LARGE(AQ$5:AQ$190,57),AQ$5:AQ$190,0)) -> 0 | I251: =INDEX(AC$5:AC$190,MATCH(LARGE(AQ$5:AQ$190,57),AQ$5:AQ$190,0)) -> 0.14842258 | J251: =INDEX(AD$5:AD$190,MATCH(LARGE(AQ$5:AQ$190,57),AQ$5:AQ$190,0)) -> 0.013516398 | K251: =INDEX(AE$5:AE$190,MATCH(LARGE(AQ$5:AQ$190,57),AQ$5:AQ$190,0)) -> 0.056725359 | L251: =INDEX(AF$5:AF$190,MATCH(LARGE(AQ$5:AQ$190,57),AQ$5:AQ$190,0)) -> 0.10810811 | M251: =INDEX(AG$5:AG$190,MATCH(LARGE(AQ$5:AQ$190,57),AQ$5:AQ$190,0)) -> 0.20408163 | N251: =INDEX(AH$5:AH$190,MATCH(LARGE(AQ$5:AQ$190,57),AQ$5:AQ$190,0)) -> 0.070635814 | O251: =INDEX(AI$5:AI$190,MATCH(LARGE(AQ$5:AQ$190,57),AQ$5:AQ$190,0)) -> 0 | P251: =INDEX(AJ$5:AJ$190,MATCH(LARGE(AQ$5:AQ$190,57),AQ$5:AQ$190,0)) -> 0.33333333 | Q251: =INDEX(AK$5:AK$190,MATCH(LARGE(AQ$5:AQ$190,57),AQ$5:AQ$190,0)) -> 0.098484848 | R251: =INDEX(AL$5:AL$190,MATCH(LARGE(AQ$5:AQ$190,57),AQ$5:AQ$190,0)) -> 0.62535757 | S251: =INDEX(AM$5:AM$190,MATCH(LARGE(AQ$5:AQ$190,57),AQ$5:AQ$190,0)) -> 0.33333333 | T251: =INDEX(AN$5:AN$190,MATCH(LARGE(AQ$5:AQ$190,57),AQ$5:AQ$190,0)) -> 0.096774194 | U251: =INDEX(AO$5:AO$190,MATCH(LARGE(AQ$5:AQ$190,57),AQ$5:AQ$190,0)) -> 0.16666667 | V251: =INDEX(AP$5:AP$190,MATCH(LARGE(AQ$5:AQ$190,57),AQ$5:AQ$190,0)) -> 0.25
A252: 58 | B252: =INDEX($A$5:$A$190,MATCH(LARGE(AQ$5:AQ$190,58),AQ$5:AQ$190,0)) -> Position: isAdjacentTo(IPosition) | C252: =INDEX(W$5:W$190,MATCH(LARGE(AQ$5:AQ$190,58),AQ$5:AQ$190,0)) -> 0.052631579 | D252: =INDEX(X$5:X$190,MATCH(LARGE(AQ$5:AQ$190,58),AQ$5:AQ$190,0)) -> 0.025 | E252: =INDEX(Y$5:Y$190,MATCH(LARGE(AQ$5:AQ$190,58),AQ$5:AQ$190,0)) -> 0.6667 | F252: =INDEX(Z$5:Z$190,MATCH(LARGE(AQ$5:AQ$190,58),AQ$5:AQ$190,0)) -> 0.10344828 | G252: =INDEX(AA$5:AA$190,MATCH(LARGE(AQ$5:AQ$190,58),AQ$5:AQ$190,0)) -> 0 | H252: =INDEX(AB$5:AB$190,MATCH(LARGE(AQ$5:AQ$190,58),AQ$5:AQ$190,0)) -> 0 | I252: =INDEX(AC$5:AC$190,MATCH(LARGE(AQ$5:AQ$190,58),AQ$5:AQ$190,0)) -> 0.074925075 | J252: =INDEX(AD$5:AD$190,MATCH(LARGE(AQ$5:AQ$190,58),AQ$5:AQ$190,0)) -> 0.0030054031 | K252: =INDEX(AE$5:AE$190,MATCH(LARGE(AQ$5:AQ$190,58),AQ$5:AQ$190,0)) -> 0.020784171 | L252: =INDEX(AF$5:AF$190,MATCH(LARGE(AQ$5:AQ$190,58),AQ$5:AQ$190,0)) -> 0.054054054 | M252: =INDEX(AG$5:AG$190,MATCH(LARGE(AQ$5:AQ$190,58),AQ$5:AQ$190,0)) -> 0.14285714 | N252: =INDEX(AH$5:AH$190,MATCH(LARGE(AQ$5:AQ$190,58),AQ$5:AQ$190,0)) -> 0.031112926 | O252: =INDEX(AI$5:AI$190,MATCH(LARGE(AQ$5:AQ$190,58),AQ$5:AQ$190,0)) -> 1 | P252: =INDEX(AJ$5:AJ$190,MATCH(LARGE(AQ$5:AQ$190,58),AQ$5:AQ$190,0)) -> 0 | Q252: =INDEX(AK$5:AK$190,MATCH(LARGE(AQ$5:AQ$190,58),AQ$5:AQ$190,0)) -> 0.083333333 | R252: =INDEX(AL$5:AL$190,MATCH(LARGE(AQ$5:AQ$190,58),AQ$5:AQ$190,0)) -> 0.66838024 | S252: =INDEX(AM$5:AM$190,MATCH(LARGE(AQ$5:AQ$190,58),AQ$5:AQ$190,0)) -> 0.16666667 | T252: =INDEX(AN$5:AN$190,MATCH(LARGE(AQ$5:AQ$190,58),AQ$5:AQ$190,0)) -> 0.096774194 | U252: =INDEX(AO$5:AO$190,MATCH(LARGE(AQ$5:AQ$190,58),AQ$5:AQ$190,0)) -> 0 | V252: =INDEX(AP$5:AP$190,MATCH(LARGE(AQ$5:AQ$190,58),AQ$5:AQ$190,0)) -> 0.25
A253: 59 | B253: =INDEX($A$5:$A$190,MATCH(LARGE(AQ$5:AQ$190,59),AQ$5:AQ$190,0)) -> Galleon: fillWest(IPosition) | C253: =INDEX(W$5:W$190,MATCH(LARGE(AQ$5:AQ$190,59),AQ$5:AQ$190,0)) -> 0.052631579 | D253: =INDEX(X$5:X$190,MATCH(LARGE(AQ$5:AQ$190,59),AQ$5:AQ$190,0)) -> 0.025 | E253: =INDEX(Y$5:Y$190,MATCH(LARGE(AQ$5:AQ$190,59),AQ$5:AQ$190,0)) -> 0.75 | F253: =INDEX(Z$5:Z$190,MATCH(LARGE(AQ$5:AQ$190,59),AQ$5:AQ$190,0)) -> 0.13793103 | G253: =INDEX(AA$5:AA$190,MATCH(LARGE(AQ$5:AQ$190,59),AQ$5:AQ$190,0)) -> 0 | H253: =INDEX(AB$5:AB$190,MATCH(LARGE(AQ$5:AQ$190,59),AQ$5:AQ$190,0)) -> 0 | I253: =INDEX(AC$5:AC$190,MATCH(LARGE(AQ$5:AQ$190,59),AQ$5:AQ$190,0)) -> 0.18181818 | J253: =INDEX(AD$5:AD$190,MATCH(LARGE(AQ$5:AQ$190,59),AQ$5:AQ$190,0)) -> 0.015575873 | K253: =INDEX(AE$5:AE$190,MATCH(LARGE(AQ$5:AQ$190,59),AQ$5:AQ$190,0)) -> 0.062352514 | L253: =INDEX(AF$5:AF$190,MATCH(LARGE(AQ$5:AQ$190,59),AQ$5:AQ$190,0)) -> 0.10540541 | M253: =INDEX(AG$5:AG$190,MATCH(LARGE(AQ$5:AQ$190,59),AQ$5:AQ$190,0)) -> 0.18367347 | N253: =INDEX(AH$5:AH$190,MATCH(LARGE(AQ$5:AQ$190,59),AQ$5:AQ$190,0)) -> 0.066447769 | O253: =INDEX(AI$5:AI$190,MATCH(LARGE(AQ$5:AQ$190,59),AQ$5:AQ$190,0)) -> 0 | P253: =INDEX(AJ$5:AJ$190,MATCH(LARGE(AQ$5:AQ$190,59),AQ$5:AQ$190,0)) -> 0.33333333 | Q253: =INDEX(AK$5:AK$190,MATCH(LARGE(AQ$5:AQ$190,59),AQ$5:AQ$190,0)) -> 0.090909091 | R253: =INDEX(AL$5:AL$190,MATCH(LARGE(AQ$5:AQ$190,59),AQ$5:AQ$190,0)) -> 0.63574549 | S253: =INDEX(AM$5:AM$190,MATCH(LARGE(AQ$5:AQ$190,59),AQ$5:AQ$190,0)) -> 0.33333333 | T253: =INDEX(AN$5:AN$190,MATCH(LARGE(AQ$5:AQ$190,59),AQ$5:AQ$190,0)) -> 0.064516129 | U253: =INDEX(AO$5:AO$190,MATCH(LARGE(AQ$5:AQ$190,59),AQ$5:AQ$190,0)) -> 0.083333333 | V253: =INDEX(AP$5:AP$190,MATCH(LARGE(AQ$5:AQ$190,59),AQ$5:AQ$190,0)) -> 0.25
A254: 60 | B254: =INDEX($A$5:$A$190,MATCH(LARGE(AQ$5:AQ$190,60),AQ$5:AQ$190,0)) -> Galleon: fillEast(IPosition) | C254: =INDEX(W$5:W$190,MATCH(LARGE(AQ$5:AQ$190,60),AQ$5:AQ$190,0)) -> 0.052631579 | D254: =INDEX(X$5:X$190,MATCH(LARGE(AQ$5:AQ$190,60),AQ$5:AQ$190,0)) -> 0.025 | E254: =INDEX(Y$5:Y$190,MATCH(LARGE(AQ$5:AQ$190,60),AQ$5:AQ$190,0)) -> 0.75 | F254: =INDEX(Z$5:Z$190,MATCH(LARGE(AQ$5:AQ$190,60),AQ$5:AQ$190,0)) -> 0.13793103 | G254: =INDEX(AA$5:AA$190,MATCH(LARGE(AQ$5:AQ$190,60),AQ$5:AQ$190,0)) -> 0 | H254: =INDEX(AB$5:AB$190,MATCH(LARGE(AQ$5:AQ$190,60),AQ$5:AQ$190,0)) -> 0 | I254: =INDEX(AC$5:AC$190,MATCH(LARGE(AQ$5:AQ$190,60),AQ$5:AQ$190,0)) -> 0.15151548 | J254: =INDEX(AD$5:AD$190,MATCH(LARGE(AQ$5:AQ$190,60),AQ$5:AQ$190,0)) -> 0.013222695 | K254: =INDEX(AE$5:AE$190,MATCH(LARGE(AQ$5:AQ$190,60),AQ$5:AQ$190,0)) -> 0.055908513 | L254: =INDEX(AF$5:AF$190,MATCH(LARGE(AQ$5:AQ$190,60),AQ$5:AQ$190,0)) -> 0.10540541 | M254: =INDEX(AG$5:AG$190,MATCH(LARGE(AQ$5:AQ$190,60),AQ$5:AQ$190,0)) -> 0.19387755 | N254: =INDEX(AH$5:AH$190,MATCH(LARGE(AQ$5:AQ$190,60),AQ$5:AQ$190,0)) -> 0.06769074 | O254: =INDEX(AI$5:AI$190,MATCH(LARGE(AQ$5:AQ$190,60),AQ$5:AQ$190,0)) -> 0 | P254: =INDEX(AJ$5:AJ$190,MATCH(LARGE(AQ$5:AQ$190,60),AQ$5:AQ$190,0)) -> 0.33333333 | Q254: =INDEX(AK$5:AK$190,MATCH(LARGE(AQ$5:AQ$190,60),AQ$5:AQ$190,0)) -> 0.090909091 | R254: =INDEX(AL$5:AL$190,MATCH(LARGE(AQ$5:AQ$190,60),AQ$5:AQ$190,0)) -> 0.63516293 | S254: =INDEX(AM$5:AM$190,MATCH(LARGE(AQ$5:AQ$190,60),AQ$5:AQ$190,0)) -> 0.33333333 | T254: =INDEX(AN$5:AN$190,MATCH(LARGE(AQ$5:AQ$190,60),AQ$5:AQ$190,0)) -> 0.064516129 | U254: =INDEX(AO$5:AO$190,MATCH(LARGE(AQ$5:AQ$190,60),AQ$5:AQ$190,0)) -> 0.083333333 | V254: =INDEX(AP$5:AP$190,MATCH(LARGE(AQ$5:AQ$190,60),AQ$5:AQ$190,0)) -> 0.25
A255: 61 | B255: =INDEX($A$5:$A$190,MATCH(LARGE(AQ$5:AQ$190,61),AQ$5:AQ$190,0)) -> Galleon: fillNorth(IPosition) | C255: =INDEX(W$5:W$190,MATCH(LARGE(AQ$5:AQ$190,61),AQ$5:AQ$190,0)) -> 0.052631579 | D255: =INDEX(X$5:X$190,MATCH(LARGE(AQ$5:AQ$190,61),AQ$5:AQ$190,0)) -> 0.025 | E255: =INDEX(Y$5:Y$190,MATCH(LARGE(AQ$5:AQ$190,61),AQ$5:AQ$190,0)) -> 0.75 | F255: =INDEX(Z$5:Z$190,MATCH(LARGE(AQ$5:AQ$190,61),AQ$5:AQ$190,0)) -> 0.13793103 | G255: =INDEX(AA$5:AA$190,MATCH(LARGE(AQ$5:AQ$190,61),AQ$5:AQ$190,0)) -> 0 | H255: =INDEX(AB$5:AB$190,MATCH(LARGE(AQ$5:AQ$190,61),AQ$5:AQ$190,0)) -> 0 | I255: =INDEX(AC$5:AC$190,MATCH(LARGE(AQ$5:AQ$190,61),AQ$5:AQ$190,0)) -> 0.14985015 | J255: =INDEX(AD$5:AD$190,MATCH(LARGE(AQ$5:AQ$190,61),AQ$5:AQ$190,0)) -> 0.013495579 | K255: =INDEX(AE$5:AE$190,MATCH(LARGE(AQ$5:AQ$190,61),AQ$5:AQ$190,0)) -> 0.056725359 | L255: =INDEX(AF$5:AF$190,MATCH(LARGE(AQ$5:AQ$190,61),AQ$5:AQ$190,0)) -> 0.11081081 | M255: =INDEX(AG$5:AG$190,MATCH(LARGE(AQ$5:AQ$190,61),AQ$5:AQ$190,0)) -> 0.18367347 | N255: =INDEX(AH$5:AH$190,MATCH(LARGE(AQ$5:AQ$190,61),AQ$5:AQ$190,0)) -> 0.069855326 | O255: =INDEX(AI$5:AI$190,MATCH(LARGE(AQ$5:AQ$190,61),AQ$5:AQ$190,0)) -> 0 | P255: =INDEX(AJ$5:AJ$190,MATCH(LARGE(AQ$5:AQ$190,61),AQ$5:AQ$190,0)) -> 0.33333333 | Q255: =INDEX(AK$5:AK$190,MATCH(LARGE(AQ$5:AQ$190,61),AQ$5:AQ$190,0)) -> 0.090909091 | R255: =INDEX(AL$5:AL$190,MATCH(LARGE(AQ$5:AQ$190,61),AQ$5:AQ$190,0)) -> 0.63421497 | S255: =INDEX(AM$5:AM$190,MATCH(LARGE(AQ$5:AQ$190,61),AQ$5:AQ$190,0)) -> 0.33333333 | T255: =INDEX(AN$5:AN$190,MATCH(LARGE(AQ$5:AQ$190,61),AQ$5:AQ$190,0)) -> 0.064516129 | U255: =INDEX(AO$5:AO$190,MATCH(LARGE(AQ$5:AQ$190,61),AQ$5:AQ$190,0)) -> 0.083333333 | V255: =INDEX(AP$5:AP$190,MATCH(LARGE(AQ$5:AQ$190,61),AQ$5:AQ$190,0)) -> 0.25
A256: 62 | B256: =INDEX($A$5:$A$190,MATCH(LARGE(AQ$5:AQ$190,62),AQ$5:AQ$190,0)) -> Scoreboard: interactiveDisplay(Scanner) | C256: =INDEX(W$5:W$190,MATCH(LARGE(AQ$5:AQ$190,62),AQ$5:AQ$190,0)) -> 0.078947368 | D256: =INDEX(X$5:X$190,MATCH(LARGE(AQ$5:AQ$190,62),AQ$5:AQ$190,0)) -> 0.05 | E256: =INDEX(Y$5:Y$190,MATCH(LARGE(AQ$5:AQ$190,62),AQ$5:AQ$190,0)) -> 0.4 | F256: =INDEX(Z$5:Z$190,MATCH(LARGE(AQ$5:AQ$190,62),AQ$5:AQ$190,0)) -> 0.13793103 | G256: =INDEX(AA$5:AA$190,MATCH(LARGE(AQ$5:AQ$190,62),AQ$5:AQ$190,0)) -> 0.5 | H256: =INDEX(AB$5:AB$190,MATCH(LARGE(AQ$5:AQ$190,62),AQ$5:AQ$190,0)) -> 0.2 | I256: =INDEX(AC$5:AC$190,MATCH(LARGE(AQ$5:AQ$190,62),AQ$5:AQ$190,0)) -> 0.087912088 | J256: =INDEX(AD$5:AD$190,MATCH(LARGE(AQ$5:AQ$190,62),AQ$5:AQ$190,0)) -> 0.0063055973 | K256: =INDEX(AE$5:AE$190,MATCH(LARGE(AQ$5:AQ$190,62),AQ$5:AQ$190,0)) -> 0.034125976 | L256: =INDEX(AF$5:AF$190,MATCH(LARGE(AQ$5:AQ$190,62),AQ$5:AQ$190,0)) -> 0.083783784 | M256: =INDEX(AG$5:AG$190,MATCH(LARGE(AQ$5:AQ$190,62),AQ$5:AQ$190,0)) -> 0.21428571 | N256: =INDEX(AH$5:AH$190,MATCH(LARGE(AQ$5:AQ$190,62),AQ$5:AQ$190,0)) -> 0.055634318 | O256: =INDEX(AI$5:AI$190,MATCH(LARGE(AQ$5:AQ$190,62),AQ$5:AQ$190,0)) -> 0 | P256: =INDEX(AJ$5:AJ$190,MATCH(LARGE(AQ$5:AQ$190,62),AQ$5:AQ$190,0)) -> 0 | Q256: =INDEX(AK$5:AK$190,MATCH(LARGE(AQ$5:AQ$190,62),AQ$5:AQ$190,0)) -> 0.12878788 | R256: =INDEX(AL$5:AL$190,MATCH(LARGE(AQ$5:AQ$190,62),AQ$5:AQ$190,0)) -> 0.60628035 | S256: =INDEX(AM$5:AM$190,MATCH(LARGE(AQ$5:AQ$190,62),AQ$5:AQ$190,0)) -> 0.33333333 | T256: =INDEX(AN$5:AN$190,MATCH(LARGE(AQ$5:AQ$190,62),AQ$5:AQ$190,0)) -> 0.12903226 | U256: =INDEX(AO$5:AO$190,MATCH(LARGE(AQ$5:AQ$190,62),AQ$5:AQ$190,0)) -> 0 | V256: =INDEX(AP$5:AP$190,MATCH(LARGE(AQ$5:AQ$190,62),AQ$5:AQ$190,0)) -> 0.25
A257: 63 | B257: =INDEX($A$5:$A$190,MATCH(LARGE(AQ$5:AQ$190,63),AQ$5:AQ$190,0)) -> Position: hashCode() | C257: =INDEX(W$5:W$190,MATCH(LARGE(AQ$5:AQ$190,63),AQ$5:AQ$190,0)) -> 0.026315789 | D257: =INDEX(X$5:X$190,MATCH(LARGE(AQ$5:AQ$190,63),AQ$5:AQ$190,0)) -> 0 | E257: =INDEX(Y$5:Y$190,MATCH(LARGE(AQ$5:AQ$190,63),AQ$5:AQ$190,0)) -> 1 | F257: =INDEX(Z$5:Z$190,MATCH(LARGE(AQ$5:AQ$190,63),AQ$5:AQ$190,0)) -> 0.034482759 | G257: =INDEX(AA$5:AA$190,MATCH(LARGE(AQ$5:AQ$190,63),AQ$5:AQ$190,0)) -> 0 | H257: =INDEX(AB$5:AB$190,MATCH(LARGE(AQ$5:AQ$190,63),AQ$5:AQ$190,0)) -> 0 | I257: =INDEX(AC$5:AC$190,MATCH(LARGE(AQ$5:AQ$190,63),AQ$5:AQ$190,0)) -> 0.01998002 | J257: =INDEX(AD$5:AD$190,MATCH(LARGE(AQ$5:AQ$190,63),AQ$5:AQ$190,0)) -> 0.00025259769 | K257: =INDEX(AE$5:AE$190,MATCH(LARGE(AQ$5:AQ$190,63),AQ$5:AQ$190,0)) -> 0.0039934652 | L257: =INDEX(AF$5:AF$190,MATCH(LARGE(AQ$5:AQ$190,63),AQ$5:AQ$190,0)) -> 0.021621622 | M257: =INDEX(AG$5:AG$190,MATCH(LARGE(AQ$5:AQ$190,63),AQ$5:AQ$190,0)) -> 0.081632653 | N257: =INDEX(AH$5:AH$190,MATCH(LARGE(AQ$5:AQ$190,63),AQ$5:AQ$190,0)) -> 0.0098061544 | O257: =INDEX(AI$5:AI$190,MATCH(LARGE(AQ$5:AQ$190,63),AQ$5:AQ$190,0)) -> 1 | P257: =INDEX(AJ$5:AJ$190,MATCH(LARGE(AQ$5:AQ$190,63),AQ$5:AQ$190,0)) -> 0 | Q257: =INDEX(AK$5:AK$190,MATCH(LARGE(AQ$5:AQ$190,63),AQ$5:AQ$190,0)) -> 0.068181818 | R257: =INDEX(AL$5:AL$190,MATCH(LARGE(AQ$5:AQ$190,63),AQ$5:AQ$190,0)) -> 0.72579564 | S257: =INDEX(AM$5:AM$190,MATCH(LARGE(AQ$5:AQ$190,63),AQ$5:AQ$190,0)) -> 0.16666667 | T257: =INDEX(AN$5:AN$190,MATCH(LARGE(AQ$5:AQ$190,63),AQ$5:AQ$190,0)) -> 0.12903226 | U257: =INDEX(AO$5:AO$190,MATCH(LARGE(AQ$5:AQ$190,63),AQ$5:AQ$190,0)) -> 0 | V257: =INDEX(AP$5:AP$190,MATCH(LARGE(AQ$5:AQ$190,63),AQ$5:AQ$190,0)) -> 0
A258: 64 | B258: =INDEX($A$5:$A$190,MATCH(LARGE(AQ$5:AQ$190,64),AQ$5:AQ$190,0)) -> Move: toString() | C258: =INDEX(W$5:W$190,MATCH(LARGE(AQ$5:AQ$190,64),AQ$5:AQ$190,0)) -> 0.026315789 | D258: =INDEX(X$5:X$190,MATCH(LARGE(AQ$5:AQ$190,64),AQ$5:AQ$190,0)) -> 0 | E258: =INDEX(Y$5:Y$190,MATCH(LARGE(AQ$5:AQ$190,64),AQ$5:AQ$190,0)) -> 1 | F258: =INDEX(Z$5:Z$190,MATCH(LARGE(AQ$5:AQ$190,64),AQ$5:AQ$190,0)) -> 0.034482759 | G258: =INDEX(AA$5:AA$190,MATCH(LARGE(AQ$5:AQ$190,64),AQ$5:AQ$190,0)) -> 0 | H258: =INDEX(AB$5:AB$190,MATCH(LARGE(AQ$5:AQ$190,64),AQ$5:AQ$190,0)) -> 0 | I258: =INDEX(AC$5:AC$190,MATCH(LARGE(AQ$5:AQ$190,64),AQ$5:AQ$190,0)) -> 0.014985015 | J258: =INDEX(AD$5:AD$190,MATCH(LARGE(AQ$5:AQ$190,64),AQ$5:AQ$190,0)) -> 0.00032769183 | K258: =INDEX(AE$5:AE$190,MATCH(LARGE(AQ$5:AQ$190,64),AQ$5:AQ$190,0)) -> 0.0047195498 | L258: =INDEX(AF$5:AF$190,MATCH(LARGE(AQ$5:AQ$190,64),AQ$5:AQ$190,0)) -> 0.032432432 | M258: =INDEX(AG$5:AG$190,MATCH(LARGE(AQ$5:AQ$190,64),AQ$5:AQ$190,0)) -> 0.1122449 | N258: =INDEX(AH$5:AH$190,MATCH(LARGE(AQ$5:AQ$190,64),AQ$5:AQ$190,0)) -> 0.016961869 | O258: =INDEX(AI$5:AI$190,MATCH(LARGE(AQ$5:AQ$190,64),AQ$5:AQ$190,0)) -> 1 | P258: =INDEX(AJ$5:AJ$190,MATCH(LARGE(AQ$5:AQ$190,64),AQ$5:AQ$190,0)) -> 0 | Q258: =INDEX(AK$5:AK$190,MATCH(LARGE(AQ$5:AQ$190,64),AQ$5:AQ$190,0)) -> 0.060606061 | R258: =INDEX(AL$5:AL$190,MATCH(LARGE(AQ$5:AQ$190,64),AQ$5:AQ$190,0)) -> 0.72044404 | S258: =INDEX(AM$5:AM$190,MATCH(LARGE(AQ$5:AQ$190,64),AQ$5:AQ$190,0)) -> 0.16666667 | T258: =INDEX(AN$5:AN$190,MATCH(LARGE(AQ$5:AQ$190,64),AQ$5:AQ$190,0)) -> 0.096774194 | U258: =INDEX(AO$5:AO$190,MATCH(LARGE(AQ$5:AQ$190,64),AQ$5:AQ$190,0)) -> 0 | V258: =INDEX(AP$5:AP$190,MATCH(LARGE(AQ$5:AQ$190,64),AQ$5:AQ$190,0)) -> 0
A259: 65 | B259: =INDEX($A$5:$A$190,MATCH(LARGE(AQ$5:AQ$190,65),AQ$5:AQ$190,0)) -> Game: getRemainingShips() | C259: =INDEX(W$5:W$190,MATCH(LARGE(AQ$5:AQ$190,65),AQ$5:AQ$190,0)) -> 0.026315789 | D259: =INDEX(X$5:X$190,MATCH(LARGE(AQ$5:AQ$190,65),AQ$5:AQ$190,0)) -> 0 | E259: =INDEX(Y$5:Y$190,MATCH(LARGE(AQ$5:AQ$190,65),AQ$5:AQ$190,0)) -> 1 | F259: =INDEX(Z$5:Z$190,MATCH(LARGE(AQ$5:AQ$190,65),AQ$5:AQ$190,0)) -> 0.068965517 | G259: =INDEX(AA$5:AA$190,MATCH(LARGE(AQ$5:AQ$190,65),AQ$5:AQ$190,0)) -> 0 | H259: =INDEX(AB$5:AB$190,MATCH(LARGE(AQ$5:AQ$190,65),AQ$5:AQ$190,0)) -> 0 | I259: =INDEX(AC$5:AC$190,MATCH(LARGE(AQ$5:AQ$190,65),AQ$5:AQ$190,0)) -> 0.024975025 | J259: =INDEX(AD$5:AD$190,MATCH(LARGE(AQ$5:AQ$190,65),AQ$5:AQ$190,0)) -> 0.00025853742 | K259: =INDEX(AE$5:AE$190,MATCH(LARGE(AQ$5:AQ$190,65),AQ$5:AQ$190,0)) -> 0.0040842258 | L259: =INDEX(AF$5:AF$190,MATCH(LARGE(AQ$5:AQ$190,65),AQ$5:AQ$190,0)) -> 0.018918919 | M259: =INDEX(AG$5:AG$190,MATCH(LARGE(AQ$5:AQ$190,65),AQ$5:AQ$190,0)) -> 0.071428571 | N259: =INDEX(AH$5:AH$190,MATCH(LARGE(AQ$5:AQ$190,65),AQ$5:AQ$190,0)) -> 0.0080294018 | O259: =INDEX(AI$5:AI$190,MATCH(LARGE(AQ$5:AQ$190,65),AQ$5:AQ$190,0)) -> 1 | P259: =INDEX(AJ$5:AJ$190,MATCH(LARGE(AQ$5:AQ$190,65),AQ$5:AQ$190,0)) -> 0 | Q259: =INDEX(AK$5:AK$190,MATCH(LARGE(AQ$5:AQ$190,65),AQ$5:AQ$190,0)) -> 0.045454545 | R259: =INDEX(AL$5:AL$190,MATCH(LARGE(AQ$5:AQ$190,65),AQ$5:AQ$190,0)) -> 0.77331591 | S259: =INDEX(AM$5:AM$190,MATCH(LARGE(AQ$5:AQ$190,65),AQ$5:AQ$190,0)) -> 0.16666667 | T259: =INDEX(AN$5:AN$190,MATCH(LARGE(AQ$5:AQ$190,65),AQ$5:AQ$190,0)) -> 0.064516129 | U259: =INDEX(AO$5:AO$190,MATCH(LARGE(AQ$5:AQ$190,65),AQ$5:AQ$190,0)) -> 0 | V259: =INDEX(AP$5:AP$190,MATCH(LARGE(AQ$5:AQ$190,65),AQ$5:AQ$190,0)) -> 0
A260: 66 | B260: =INDEX($A$5:$A$190,MATCH(LARGE(AQ$5:AQ$190,66),AQ$5:AQ$190,0)) -> Fleet: printShips(List<IShip>) | C260: =INDEX(W$5:W$190,MATCH(LARGE(AQ$5:AQ$190,66),AQ$5:AQ$190,0)) -> 0.052631579 | D260: =INDEX(X$5:X$190,MATCH(LARGE(AQ$5:AQ$190,66),AQ$5:AQ$190,0)) -> 0.025 | E260: =INDEX(Y$5:Y$190,MATCH(LARGE(AQ$5:AQ$190,66),AQ$5:AQ$190,0)) -> 1 | F260: =INDEX(Z$5:Z$190,MATCH(LARGE(AQ$5:AQ$190,66),AQ$5:AQ$190,0)) -> 0.034482759 | G260: =INDEX(AA$5:AA$190,MATCH(LARGE(AQ$5:AQ$190,66),AQ$5:AQ$190,0)) -> 0 | H260: =INDEX(AB$5:AB$190,MATCH(LARGE(AQ$5:AQ$190,66),AQ$5:AQ$190,0)) -> 0.2 | I260: =INDEX(AC$5:AC$190,MATCH(LARGE(AQ$5:AQ$190,66),AQ$5:AQ$190,0)) -> 0.037462537 | J260: =INDEX(AD$5:AD$190,MATCH(LARGE(AQ$5:AQ$190,66),AQ$5:AQ$190,0)) -> 0.00072111116 | K260: =INDEX(AE$5:AE$190,MATCH(LARGE(AQ$5:AQ$190,66),AQ$5:AQ$190,0)) -> 0.0080776911 | L260: =INDEX(AF$5:AF$190,MATCH(LARGE(AQ$5:AQ$190,66),AQ$5:AQ$190,0)) -> 0.02972973 | M260: =INDEX(AG$5:AG$190,MATCH(LARGE(AQ$5:AQ$190,66),AQ$5:AQ$190,0)) -> 0.10204082 | N260: =INDEX(AH$5:AH$190,MATCH(LARGE(AQ$5:AQ$190,66),AQ$5:AQ$190,0)) -> 0.01493036 | O260: =INDEX(AI$5:AI$190,MATCH(LARGE(AQ$5:AQ$190,66),AQ$5:AQ$190,0)) -> 0 | P260: =INDEX(AJ$5:AJ$190,MATCH(LARGE(AQ$5:AQ$190,66),AQ$5:AQ$190,0)) -> 0.33333333 | Q260: =INDEX(AK$5:AK$190,MATCH(LARGE(AQ$5:AQ$190,66),AQ$5:AQ$190,0)) -> 0.083333333 | R260: =INDEX(AL$5:AL$190,MATCH(LARGE(AQ$5:AQ$190,66),AQ$5:AQ$190,0)) -> 0.69210226 | S260: =INDEX(AM$5:AM$190,MATCH(LARGE(AQ$5:AQ$190,66),AQ$5:AQ$190,0)) -> 0.16666667 | T260: =INDEX(AN$5:AN$190,MATCH(LARGE(AQ$5:AQ$190,66),AQ$5:AQ$190,0)) -> 0.096774194 | U260: =INDEX(AO$5:AO$190,MATCH(LARGE(AQ$5:AQ$190,66),AQ$5:AQ$190,0)) -> 0.083333333 | V260: =INDEX(AP$5:AP$190,MATCH(LARGE(AQ$5:AQ$190,66),AQ$5:AQ$190,0)) -> 0.25
A261: 67 | B261: =INDEX($A$5:$A$190,MATCH(LARGE(AQ$5:AQ$190,67),AQ$5:AQ$190,0)) -> Ship: tooCloseTo(IShip) | C261: =INDEX(W$5:W$190,MATCH(LARGE(AQ$5:AQ$190,67),AQ$5:AQ$190,0)) -> 0.078947368 | D261: =INDEX(X$5:X$190,MATCH(LARGE(AQ$5:AQ$190,67),AQ$5:AQ$190,0)) -> 0.075 | E261: =INDEX(Y$5:Y$190,MATCH(LARGE(AQ$5:AQ$190,67),AQ$5:AQ$190,0)) -> 0.6 | F261: =INDEX(Z$5:Z$190,MATCH(LARGE(AQ$5:AQ$190,67),AQ$5:AQ$190,0)) -> 0.13793103 | G261: =INDEX(AA$5:AA$190,MATCH(LARGE(AQ$5:AQ$190,67),AQ$5:AQ$190,0)) -> 0.25 | H261: =INDEX(AB$5:AB$190,MATCH(LARGE(AQ$5:AQ$190,67),AQ$5:AQ$190,0)) -> 0 | I261: =INDEX(AC$5:AC$190,MATCH(LARGE(AQ$5:AQ$190,67),AQ$5:AQ$190,0)) -> 0.083916084 | J261: =INDEX(AD$5:AD$190,MATCH(LARGE(AQ$5:AQ$190,67),AQ$5:AQ$190,0)) -> 0.0036136931 | K261: =INDEX(AE$5:AE$190,MATCH(LARGE(AQ$5:AQ$190,67),AQ$5:AQ$190,0)) -> 0.023506989 | L261: =INDEX(AF$5:AF$190,MATCH(LARGE(AQ$5:AQ$190,67),AQ$5:AQ$190,0)) -> 0.054054054 | M261: =INDEX(AG$5:AG$190,MATCH(LARGE(AQ$5:AQ$190,67),AQ$5:AQ$190,0)) -> 0.17346939 | N261: =INDEX(AH$5:AH$190,MATCH(LARGE(AQ$5:AQ$190,67),AQ$5:AQ$190,0)) -> 0.033401927 | O261: =INDEX(AI$5:AI$190,MATCH(LARGE(AQ$5:AQ$190,67),AQ$5:AQ$190,0)) -> 0 | P261: =INDEX(AJ$5:AJ$190,MATCH(LARGE(AQ$5:AQ$190,67),AQ$5:AQ$190,0)) -> 0.33333333 | Q261: =INDEX(AK$5:AK$190,MATCH(LARGE(AQ$5:AQ$190,67),AQ$5:AQ$190,0)) -> 0.15909091 | R261: =INDEX(AL$5:AL$190,MATCH(LARGE(AQ$5:AQ$190,67),AQ$5:AQ$190,0)) -> 0.60183287 | S261: =INDEX(AM$5:AM$190,MATCH(LARGE(AQ$5:AQ$190,67),AQ$5:AQ$190,0)) -> 0.16666667 | T261: =INDEX(AN$5:AN$190,MATCH(LARGE(AQ$5:AQ$190,67),AQ$5:AQ$190,0)) -> 0.064516129 | U261: =INDEX(AO$5:AO$190,MATCH(LARGE(AQ$5:AQ$190,67),AQ$5:AQ$190,0)) -> 0.083333333 | V261: =INDEX(AP$5:AP$190,MATCH(LARGE(AQ$5:AQ$190,67),AQ$5:AQ$190,0)) -> 0.25
A262: 68 | B262: =INDEX($A$5:$A$190,MATCH(LARGE(AQ$5:AQ$190,68),AQ$5:AQ$190,0)) -> Fleet: addShip(IShip) | C262: =INDEX(W$5:W$190,MATCH(LARGE(AQ$5:AQ$190,68),AQ$5:AQ$190,0)) -> 0.10526316 | D262: =INDEX(X$5:X$190,MATCH(LARGE(AQ$5:AQ$190,68),AQ$5:AQ$190,0)) -> 0.075 | E262: =INDEX(Y$5:Y$190,MATCH(LARGE(AQ$5:AQ$190,68),AQ$5:AQ$190,0)) -> 0.25 | F262: =INDEX(Z$5:Z$190,MATCH(LARGE(AQ$5:AQ$190,68),AQ$5:AQ$190,0)) -> 0.068965517 | G262: =INDEX(AA$5:AA$190,MATCH(LARGE(AQ$5:AQ$190,68),AQ$5:AQ$190,0)) -> 0.25 | H262: =INDEX(AB$5:AB$190,MATCH(LARGE(AQ$5:AQ$190,68),AQ$5:AQ$190,0)) -> 0 | I262: =INDEX(AC$5:AC$190,MATCH(LARGE(AQ$5:AQ$190,68),AQ$5:AQ$190,0)) -> 0.10275425 | J262: =INDEX(AD$5:AD$190,MATCH(LARGE(AQ$5:AQ$190,68),AQ$5:AQ$190,0)) -> 0.0057483036 | K262: =INDEX(AE$5:AE$190,MATCH(LARGE(AQ$5:AQ$190,68),AQ$5:AQ$190,0)) -> 0.032129243 | L262: =INDEX(AF$5:AF$190,MATCH(LARGE(AQ$5:AQ$190,68),AQ$5:AQ$190,0)) -> 0.067567568 | M262: =INDEX(AG$5:AG$190,MATCH(LARGE(AQ$5:AQ$190,68),AQ$5:AQ$190,0)) -> 0.19387755 | N262: =INDEX(AH$5:AH$190,MATCH(LARGE(AQ$5:AQ$190,68),AQ$5:AQ$190,0)) -> 0.043391498 | O262: =INDEX(AI$5:AI$190,MATCH(LARGE(AQ$5:AQ$190,68),AQ$5:AQ$190,0)) -> 0.5 | P262: =INDEX(AJ$5:AJ$190,MATCH(LARGE(AQ$5:AQ$190,68),AQ$5:AQ$190,0)) -> 0 | Q262: =INDEX(AK$5:AK$190,MATCH(LARGE(AQ$5:AQ$190,68),AQ$5:AQ$190,0)) -> 0.17424242 | R262: =INDEX(AL$5:AL$190,MATCH(LARGE(AQ$5:AQ$190,68),AQ$5:AQ$190,0)) -> 0.58389049 | S262: =INDEX(AM$5:AM$190,MATCH(LARGE(AQ$5:AQ$190,68),AQ$5:AQ$190,0)) -> 0.33333333 | T262: =INDEX(AN$5:AN$190,MATCH(LARGE(AQ$5:AQ$190,68),AQ$5:AQ$190,0)) -> 0.12903226 | U262: =INDEX(AO$5:AO$190,MATCH(LARGE(AQ$5:AQ$190,68),AQ$5:AQ$190,0)) -> 0 | V262: =INDEX(AP$5:AP$190,MATCH(LARGE(AQ$5:AQ$190,68),AQ$5:AQ$190,0)) -> 0.25
A263: 69 | B263: =INDEX($A$5:$A$190,MATCH(LARGE(AQ$5:AQ$190,69),AQ$5:AQ$190,0)) -> Game: printAlienBoard(boolean, boolean) | C263: =INDEX(W$5:W$190,MATCH(LARGE(AQ$5:AQ$190,69),AQ$5:AQ$190,0)) -> 0.026315789 | D263: =INDEX(X$5:X$190,MATCH(LARGE(AQ$5:AQ$190,69),AQ$5:AQ$190,0)) -> 0 | E263: =INDEX(Y$5:Y$190,MATCH(LARGE(AQ$5:AQ$190,69),AQ$5:AQ$190,0)) -> 0.3333 | F263: =INDEX(Z$5:Z$190,MATCH(LARGE(AQ$5:AQ$190,69),AQ$5:AQ$190,0)) -> 0.034482759 | G263: =INDEX(AA$5:AA$190,MATCH(LARGE(AQ$5:AQ$190,69),AQ$5:AQ$190,0)) -> 0 | H263: =INDEX(AB$5:AB$190,MATCH(LARGE(AQ$5:AQ$190,69),AQ$5:AQ$190,0)) -> 0.2 | I263: =INDEX(AC$5:AC$190,MATCH(LARGE(AQ$5:AQ$190,69),AQ$5:AQ$190,0)) -> 0.044955045 | J263: =INDEX(AD$5:AD$190,MATCH(LARGE(AQ$5:AQ$190,69),AQ$5:AQ$190,0)) -> 0.0017130797 | K263: =INDEX(AE$5:AE$190,MATCH(LARGE(AQ$5:AQ$190,69),AQ$5:AQ$190,0)) -> 0.014340171 | L263: =INDEX(AF$5:AF$190,MATCH(LARGE(AQ$5:AQ$190,69),AQ$5:AQ$190,0)) -> 0.051351351 | M263: =INDEX(AG$5:AG$190,MATCH(LARGE(AQ$5:AQ$190,69),AQ$5:AQ$190,0)) -> 0.14285714 | N263: =INDEX(AH$5:AH$190,MATCH(LARGE(AQ$5:AQ$190,69),AQ$5:AQ$190,0)) -> 0.029557261 | O263: =INDEX(AI$5:AI$190,MATCH(LARGE(AQ$5:AQ$190,69),AQ$5:AQ$190,0)) -> 0.6667 | P263: =INDEX(AJ$5:AJ$190,MATCH(LARGE(AQ$5:AQ$190,69),AQ$5:AQ$190,0)) -> 0 | Q263: =INDEX(AK$5:AK$190,MATCH(LARGE(AQ$5:AQ$190,69),AQ$5:AQ$190,0)) -> 0.053030303 | R263: =INDEX(AL$5:AL$190,MATCH(LARGE(AQ$5:AQ$190,69),AQ$5:AQ$190,0)) -> 0.71577418 | S263: =INDEX(AM$5:AM$190,MATCH(LARGE(AQ$5:AQ$190,69),AQ$5:AQ$190,0)) -> 0.16666667 | T263: =INDEX(AN$5:AN$190,MATCH(LARGE(AQ$5:AQ$190,69),AQ$5:AQ$190,0)) -> 0.16129032 | U263: =INDEX(AO$5:AO$190,MATCH(LARGE(AQ$5:AQ$190,69),AQ$5:AQ$190,0)) -> 0 | V263: =INDEX(AP$5:AP$190,MATCH(LARGE(AQ$5:AQ$190,69),AQ$5:AQ$190,0)) -> 0.5
A264: 70 | B264: =INDEX($A$5:$A$190,MATCH(LARGE(AQ$5:AQ$190,70),AQ$5:AQ$190,0)) -> Game: printAlienBoard(boolean, boolean) | C264: =INDEX(W$5:W$190,MATCH(LARGE(AQ$5:AQ$190,70),AQ$5:AQ$190,0)) -> 0.026315789 | D264: =INDEX(X$5:X$190,MATCH(LARGE(AQ$5:AQ$190,70),AQ$5:AQ$190,0)) -> 0 | E264: =INDEX(Y$5:Y$190,MATCH(LARGE(AQ$5:AQ$190,70),AQ$5:AQ$190,0)) -> 0.3333 | F264: =INDEX(Z$5:Z$190,MATCH(LARGE(AQ$5:AQ$190,70),AQ$5:AQ$190,0)) -> 0.034482759 | G264: =INDEX(AA$5:AA$190,MATCH(LARGE(AQ$5:AQ$190,70),AQ$5:AQ$190,0)) -> 0 | H264: =INDEX(AB$5:AB$190,MATCH(LARGE(AQ$5:AQ$190,70),AQ$5:AQ$190,0)) -> 0.2 | I264: =INDEX(AC$5:AC$190,MATCH(LARGE(AQ$5:AQ$190,70),AQ$5:AQ$190,0)) -> 0.044955045 | J264: =INDEX(AD$5:AD$190,MATCH(LARGE(AQ$5:AQ$190,70),AQ$5:AQ$190,0)) -> 0.0017130797 | K264: =INDEX(AE$5:AE$190,MATCH(LARGE(AQ$5:AQ$190,70),AQ$5:AQ$190,0)) -> 0.014340171 | L264: =INDEX(AF$5:AF$190,MATCH(LARGE(AQ$5:AQ$190,70),AQ$5:AQ$190,0)) -> 0.051351351 | M264: =INDEX(AG$5:AG$190,MATCH(LARGE(AQ$5:AQ$190,70),AQ$5:AQ$190,0)) -> 0.14285714 | N264: =INDEX(AH$5:AH$190,MATCH(LARGE(AQ$5:AQ$190,70),AQ$5:AQ$190,0)) -> 0.029557261 | O264: =INDEX(AI$5:AI$190,MATCH(LARGE(AQ$5:AQ$190,70),AQ$5:AQ$190,0)) -> 0.6667 | P264: =INDEX(AJ$5:AJ$190,MATCH(LARGE(AQ$5:AQ$190,70),AQ$5:AQ$190,0)) -> 0 | Q264: =INDEX(AK$5:AK$190,MATCH(LARGE(AQ$5:AQ$190,70),AQ$5:AQ$190,0)) -> 0.053030303 | R264: =INDEX(AL$5:AL$190,MATCH(LARGE(AQ$5:AQ$190,70),AQ$5:AQ$190,0)) -> 0.71577418 | S264: =INDEX(AM$5:AM$190,MATCH(LARGE(AQ$5:AQ$190,70),AQ$5:AQ$190,0)) -> 0.16666667 | T264: =INDEX(AN$5:AN$190,MATCH(LARGE(AQ$5:AQ$190,70),AQ$5:AQ$190,0)) -> 0.16129032 | U264: =INDEX(AO$5:AO$190,MATCH(LARGE(AQ$5:AQ$190,70),AQ$5:AQ$190,0)) -> 0 | V264: =INDEX(AP$5:AP$190,MATCH(LARGE(AQ$5:AQ$190,70),AQ$5:AQ$190,0)) -> 0.5
A265: 71 | B265: =INDEX($A$5:$A$190,MATCH(LARGE(AQ$5:AQ$190,71),AQ$5:AQ$190,0)) -> Ship: sink() | C265: =INDEX(W$5:W$190,MATCH(LARGE(AQ$5:AQ$190,71),AQ$5:AQ$190,0)) -> 0.052631579 | D265: =INDEX(X$5:X$190,MATCH(LARGE(AQ$5:AQ$190,71),AQ$5:AQ$190,0)) -> 0.025 | E265: =INDEX(Y$5:Y$190,MATCH(LARGE(AQ$5:AQ$190,71),AQ$5:AQ$190,0)) -> 0.5 | F265: =INDEX(Z$5:Z$190,MATCH(LARGE(AQ$5:AQ$190,71),AQ$5:AQ$190,0)) -> 0.034482759 | G265: =INDEX(AA$5:AA$190,MATCH(LARGE(AQ$5:AQ$190,71),AQ$5:AQ$190,0)) -> 0 | H265: =INDEX(AB$5:AB$190,MATCH(LARGE(AQ$5:AQ$190,71),AQ$5:AQ$190,0)) -> 0 | I265: =INDEX(AC$5:AC$190,MATCH(LARGE(AQ$5:AQ$190,71),AQ$5:AQ$190,0)) -> 0.024975025 | J265: =INDEX(AD$5:AD$190,MATCH(LARGE(AQ$5:AQ$190,71),AQ$5:AQ$190,0)) -> 0.00020404842 | K265: =INDEX(AE$5:AE$190,MATCH(LARGE(AQ$5:AQ$190,71),AQ$5:AQ$190,0)) -> 0.0034489018 | L265: =INDEX(AF$5:AF$190,MATCH(LARGE(AQ$5:AQ$190,71),AQ$5:AQ$190,0)) -> 0.016216216 | M265: =INDEX(AG$5:AG$190,MATCH(LARGE(AQ$5:AQ$190,71),AQ$5:AQ$190,0)) -> 0.06122449 | N265: =INDEX(AH$5:AH$190,MATCH(LARGE(AQ$5:AQ$190,71),AQ$5:AQ$190,0)) -> 0.0063371456 | O265: =INDEX(AI$5:AI$190,MATCH(LARGE(AQ$5:AQ$190,71),AQ$5:AQ$190,0)) -> 1 | P265: =INDEX(AJ$5:AJ$190,MATCH(LARGE(AQ$5:AQ$190,71),AQ$5:AQ$190,0)) -> 0.33333333 | Q265: =INDEX(AK$5:AK$190,MATCH(LARGE(AQ$5:AQ$190,71),AQ$5:AQ$190,0)) -> 0.098484848 | R265: =INDEX(AL$5:AL$190,MATCH(LARGE(AQ$5:AQ$190,71),AQ$5:AQ$190,0)) -> 0.70337341 | S265: =INDEX(AM$5:AM$190,MATCH(LARGE(AQ$5:AQ$190,71),AQ$5:AQ$190,0)) -> 0.16666667 | T265: =INDEX(AN$5:AN$190,MATCH(LARGE(AQ$5:AQ$190,71),AQ$5:AQ$190,0)) -> 0.032258065 | U265: =INDEX(AO$5:AO$190,MATCH(LARGE(AQ$5:AQ$190,71),AQ$5:AQ$190,0)) -> 0.083333333 | V265: =INDEX(AP$5:AP$190,MATCH(LARGE(AQ$5:AQ$190,71),AQ$5:AQ$190,0)) -> 0
A266: 72 | B266: =INDEX($A$5:$A$190,MATCH(LARGE(AQ$5:AQ$190,72),AQ$5:AQ$190,0)) -> Compass: charToCompass(char) | C266: =INDEX(W$5:W$190,MATCH(LARGE(AQ$5:AQ$190,72),AQ$5:AQ$190,0)) -> 0.15789474 | D266: =INDEX(X$5:X$190,MATCH(LARGE(AQ$5:AQ$190,72),AQ$5:AQ$190,0)) -> 0.025 | E266: =INDEX(Y$5:Y$190,MATCH(LARGE(AQ$5:AQ$190,72),AQ$5:AQ$190,0)) -> 0 | F266: =INDEX(Z$5:Z$190,MATCH(LARGE(AQ$5:AQ$190,72),AQ$5:AQ$190,0)) -> 0 | G266: =INDEX(AA$5:AA$190,MATCH(LARGE(AQ$5:AQ$190,72),AQ$5:AQ$190,0)) -> 0 | H266: =INDEX(AB$5:AB$190,MATCH(LARGE(AQ$5:AQ$190,72),AQ$5:AQ$190,0)) -> 0 | I266: =INDEX(AC$5:AC$190,MATCH(LARGE(AQ$5:AQ$190,72),AQ$5:AQ$190,0)) -> 0.050858142 | J266: =INDEX(AD$5:AD$190,MATCH(LARGE(AQ$5:AQ$190,72),AQ$5:AQ$190,0)) -> 0.003239737 | K266: =INDEX(AE$5:AE$190,MATCH(LARGE(AQ$5:AQ$190,72),AQ$5:AQ$190,0)) -> 0.021873298 | L266: =INDEX(AF$5:AF$190,MATCH(LARGE(AQ$5:AQ$190,72),AQ$5:AQ$190,0)) -> 0.078378378 | M266: =INDEX(AG$5:AG$190,MATCH(LARGE(AQ$5:AQ$190,72),AQ$5:AQ$190,0)) -> 0.18367347 | N266: =INDEX(AH$5:AH$190,MATCH(LARGE(AQ$5:AQ$190,72),AQ$5:AQ$190,0)) -> 0.049409862 | O266: =INDEX(AI$5:AI$190,MATCH(LARGE(AQ$5:AQ$190,72),AQ$5:AQ$190,0)) -> 1 | P266: =INDEX(AJ$5:AJ$190,MATCH(LARGE(AQ$5:AQ$190,72),AQ$5:AQ$190,0)) -> 0 | Q266: =INDEX(AK$5:AK$190,MATCH(LARGE(AQ$5:AQ$190,72),AQ$5:AQ$190,0)) -> 0.21212121 | R266: =INDEX(AL$5:AL$190,MATCH(LARGE(AQ$5:AQ$190,72),AQ$5:AQ$190,0)) -> 0.5599273 | S266: =INDEX(AM$5:AM$190,MATCH(LARGE(AQ$5:AQ$190,72),AQ$5:AQ$190,0)) -> 0.33333333 | T266: =INDEX(AN$5:AN$190,MATCH(LARGE(AQ$5:AQ$190,72),AQ$5:AQ$190,0)) -> 0.19354839 | U266: =INDEX(AO$5:AO$190,MATCH(LARGE(AQ$5:AQ$190,72),AQ$5:AQ$190,0)) -> 0 | V266: =INDEX(AP$5:AP$190,MATCH(LARGE(AQ$5:AQ$190,72),AQ$5:AQ$190,0)) -> 0.25
A267: 73 | B267: =INDEX($A$5:$A$190,MATCH(LARGE(AQ$5:AQ$190,73),AQ$5:AQ$190,0)) -> Move: Move(int, List<IPosition>, List<ShotResult>) | C267: =INDEX(W$5:W$190,MATCH(LARGE(AQ$5:AQ$190,73),AQ$5:AQ$190,0)) -> 0.026315789 | D267: =INDEX(X$5:X$190,MATCH(LARGE(AQ$5:AQ$190,73),AQ$5:AQ$190,0)) -> 0 | E267: =INDEX(Y$5:Y$190,MATCH(LARGE(AQ$5:AQ$190,73),AQ$5:AQ$190,0)) -> 0 | F267: =INDEX(Z$5:Z$190,MATCH(LARGE(AQ$5:AQ$190,73),AQ$5:AQ$190,0)) -> 0 | G267: =INDEX(AA$5:AA$190,MATCH(LARGE(AQ$5:AQ$190,73),AQ$5:AQ$190,0)) -> 0 | H267: =INDEX(AB$5:AB$190,MATCH(LARGE(AQ$5:AQ$190,73),AQ$5:AQ$190,0)) -> 0 | I267: =INDEX(AC$5:AC$190,MATCH(LARGE(AQ$5:AQ$190,73),AQ$5:AQ$190,0)) -> 0.014985015 | J267: =INDEX(AD$5:AD$190,MATCH(LARGE(AQ$5:AQ$190,73),AQ$5:AQ$190,0)) -> 0.00027524623 | K267: =INDEX(AE$5:AE$190,MATCH(LARGE(AQ$5:AQ$190,73),AQ$5:AQ$190,0)) -> 0.004265747 | L267: =INDEX(AF$5:AF$190,MATCH(LARGE(AQ$5:AQ$190,73),AQ$5:AQ$190,0)) -> 0.02972973 | M267: =INDEX(AG$5:AG$190,MATCH(LARGE(AQ$5:AQ$190,73),AQ$5:AQ$190,0)) -> 0.091836735 | N267: =INDEX(AH$5:AH$190,MATCH(LARGE(AQ$5:AQ$190,73),AQ$5:AQ$190,0)) -> 0.014247198 | O267: =INDEX(AI$5:AI$190,MATCH(LARGE(AQ$5:AQ$190,73),AQ$5:AQ$190,0)) -> 1 | P267: =INDEX(AJ$5:AJ$190,MATCH(LARGE(AQ$5:AQ$190,73),AQ$5:AQ$190,0)) -> 0 | Q267: =INDEX(AK$5:AK$190,MATCH(LARGE(AQ$5:AQ$190,73),AQ$5:AQ$190,0)) -> 0.045454545 | R267: =INDEX(AL$5:AL$190,MATCH(LARGE(AQ$5:AQ$190,73),AQ$5:AQ$190,0)) -> 0.75484108 | S267: =INDEX(AM$5:AM$190,MATCH(LARGE(AQ$5:AQ$190,73),AQ$5:AQ$190,0)) -> 0.16666667 | T267: =INDEX(AN$5:AN$190,MATCH(LARGE(AQ$5:AQ$190,73),AQ$5:AQ$190,0)) -> 0.19354839 | U267: =INDEX(AO$5:AO$190,MATCH(LARGE(AQ$5:AQ$190,73),AQ$5:AQ$190,0)) -> 0 | V267: =INDEX(AP$5:AP$190,MATCH(LARGE(AQ$5:AQ$190,73),AQ$5:AQ$190,0)) -> 0.75
A268: 74 | B268: =INDEX($A$5:$A$190,MATCH(LARGE(AQ$5:AQ$190,74),AQ$5:AQ$190,0)) -> Position: Position(int, int) | C268: =INDEX(W$5:W$190,MATCH(LARGE(AQ$5:AQ$190,74),AQ$5:AQ$190,0)) -> 0.026315789 | D268: =INDEX(X$5:X$190,MATCH(LARGE(AQ$5:AQ$190,74),AQ$5:AQ$190,0)) -> 0 | E268: =INDEX(Y$5:Y$190,MATCH(LARGE(AQ$5:AQ$190,74),AQ$5:AQ$190,0)) -> 0 | F268: =INDEX(Z$5:Z$190,MATCH(LARGE(AQ$5:AQ$190,74),AQ$5:AQ$190,0)) -> 0 | G268: =INDEX(AA$5:AA$190,MATCH(LARGE(AQ$5:AQ$190,74),AQ$5:AQ$190,0)) -> 0 | H268: =INDEX(AB$5:AB$190,MATCH(LARGE(AQ$5:AQ$190,74),AQ$5:AQ$190,0)) -> 0 | I268: =INDEX(AC$5:AC$190,MATCH(LARGE(AQ$5:AQ$190,74),AQ$5:AQ$190,0)) -> 0.017125874 | J268: =INDEX(AD$5:AD$190,MATCH(LARGE(AQ$5:AQ$190,74),AQ$5:AQ$190,0)) -> 0.00044952391 | K268: =INDEX(AE$5:AE$190,MATCH(LARGE(AQ$5:AQ$190,74),AQ$5:AQ$190,0)) -> 0.0058994373 | L268: =INDEX(AF$5:AF$190,MATCH(LARGE(AQ$5:AQ$190,74),AQ$5:AQ$190,0)) -> 0.040540541 | M268: =INDEX(AG$5:AG$190,MATCH(LARGE(AQ$5:AQ$190,74),AQ$5:AQ$190,0)) -> 0.10204082 | N268: =INDEX(AH$5:AH$190,MATCH(LARGE(AQ$5:AQ$190,74),AQ$5:AQ$190,0)) -> 0.020359579 | O268: =INDEX(AI$5:AI$190,MATCH(LARGE(AQ$5:AQ$190,74),AQ$5:AQ$190,0)) -> 1 | P268: =INDEX(AJ$5:AJ$190,MATCH(LARGE(AQ$5:AQ$190,74),AQ$5:AQ$190,0)) -> 0 | Q268: =INDEX(AK$5:AK$190,MATCH(LARGE(AQ$5:AQ$190,74),AQ$5:AQ$190,0)) -> 0.098484848 | R268: =INDEX(AL$5:AL$190,MATCH(LARGE(AQ$5:AQ$190,74),AQ$5:AQ$190,0)) -> 0.66676515 | S268: =INDEX(AM$5:AM$190,MATCH(LARGE(AQ$5:AQ$190,74),AQ$5:AQ$190,0)) -> 0.16666667 | T268: =INDEX(AN$5:AN$190,MATCH(LARGE(AQ$5:AQ$190,74),AQ$5:AQ$190,0)) -> 0.19354839 | U268: =INDEX(AO$5:AO$190,MATCH(LARGE(AQ$5:AQ$190,74),AQ$5:AQ$190,0)) -> 0 | V268: =INDEX(AP$5:AP$190,MATCH(LARGE(AQ$5:AQ$190,74),AQ$5:AQ$190,0)) -> 0.5
A269: 75 | B269: =INDEX($A$5:$A$190,MATCH(LARGE(AQ$5:AQ$190,75),AQ$5:AQ$190,0)) -> Galleon: Galleon(Compass, IPosition) | C269: =INDEX(W$5:W$190,MATCH(LARGE(AQ$5:AQ$190,75),AQ$5:AQ$190,0)) -> 0.13157895 | D269: =INDEX(X$5:X$190,MATCH(LARGE(AQ$5:AQ$190,75),AQ$5:AQ$190,0)) -> 0.025 | E269: =INDEX(Y$5:Y$190,MATCH(LARGE(AQ$5:AQ$190,75),AQ$5:AQ$190,0)) -> 0.2 | F269: =INDEX(Z$5:Z$190,MATCH(LARGE(AQ$5:AQ$190,75),AQ$5:AQ$190,0)) -> 0.034482759 | G269: =INDEX(AA$5:AA$190,MATCH(LARGE(AQ$5:AQ$190,75),AQ$5:AQ$190,0)) -> 0 | H269: =INDEX(AB$5:AB$190,MATCH(LARGE(AQ$5:AQ$190,75),AQ$5:AQ$190,0)) -> 0.2 | I269: =INDEX(AC$5:AC$190,MATCH(LARGE(AQ$5:AQ$190,75),AQ$5:AQ$190,0)) -> 0.081168831 | J269: =INDEX(AD$5:AD$190,MATCH(LARGE(AQ$5:AQ$190,75),AQ$5:AQ$190,0)) -> 0.0051705622 | K269: =INDEX(AE$5:AE$190,MATCH(LARGE(AQ$5:AQ$190,75),AQ$5:AQ$190,0)) -> 0.029860229 | L269: =INDEX(AF$5:AF$190,MATCH(LARGE(AQ$5:AQ$190,75),AQ$5:AQ$190,0)) -> 0.078378378 | M269: =INDEX(AG$5:AG$190,MATCH(LARGE(AQ$5:AQ$190,75),AQ$5:AQ$190,0)) -> 0.18367347 | N269: =INDEX(AH$5:AH$190,MATCH(LARGE(AQ$5:AQ$190,75),AQ$5:AQ$190,0)) -> 0.049409862 | O269: =INDEX(AI$5:AI$190,MATCH(LARGE(AQ$5:AQ$190,75),AQ$5:AQ$190,0)) -> 0 | P269: =INDEX(AJ$5:AJ$190,MATCH(LARGE(AQ$5:AQ$190,75),AQ$5:AQ$190,0)) -> 0 | Q269: =INDEX(AK$5:AK$190,MATCH(LARGE(AQ$5:AQ$190,75),AQ$5:AQ$190,0)) -> 0.17424242 | R269: =INDEX(AL$5:AL$190,MATCH(LARGE(AQ$5:AQ$190,75),AQ$5:AQ$190,0)) -> 0.57963927 | S269: =INDEX(AM$5:AM$190,MATCH(LARGE(AQ$5:AQ$190,75),AQ$5:AQ$190,0)) -> 0.33333333 | T269: =INDEX(AN$5:AN$190,MATCH(LARGE(AQ$5:AQ$190,75),AQ$5:AQ$190,0)) -> 0.19354839 | U269: =INDEX(AO$5:AO$190,MATCH(LARGE(AQ$5:AQ$190,75),AQ$5:AQ$190,0)) -> 0 | V269: =INDEX(AP$5:AP$190,MATCH(LARGE(AQ$5:AQ$190,75),AQ$5:AQ$190,0)) -> 0.5
A270: 76 | B270: =INDEX($A$5:$A$190,MATCH(LARGE(AQ$5:AQ$190,76),AQ$5:AQ$190,0)) -> Tasks: readShip(Scanner) | C270: =INDEX(W$5:W$190,MATCH(LARGE(AQ$5:AQ$190,76),AQ$5:AQ$190,0)) -> 0.026315789 | D270: =INDEX(X$5:X$190,MATCH(LARGE(AQ$5:AQ$190,76),AQ$5:AQ$190,0)) -> 0 | E270: =INDEX(Y$5:Y$190,MATCH(LARGE(AQ$5:AQ$190,76),AQ$5:AQ$190,0)) -> 0.8 | F270: =INDEX(Z$5:Z$190,MATCH(LARGE(AQ$5:AQ$190,76),AQ$5:AQ$190,0)) -> 0.13793103 | G270: =INDEX(AA$5:AA$190,MATCH(LARGE(AQ$5:AQ$190,76),AQ$5:AQ$190,0)) -> 0 | H270: =INDEX(AB$5:AB$190,MATCH(LARGE(AQ$5:AQ$190,76),AQ$5:AQ$190,0)) -> 0 | I270: =INDEX(AC$5:AC$190,MATCH(LARGE(AQ$5:AQ$190,76),AQ$5:AQ$190,0)) -> 0.078492507 | J270: =INDEX(AD$5:AD$190,MATCH(LARGE(AQ$5:AQ$190,76),AQ$5:AQ$190,0)) -> 0.0037931822 | K270: =INDEX(AE$5:AE$190,MATCH(LARGE(AQ$5:AQ$190,76),AQ$5:AQ$190,0)) -> 0.024323834 | L270: =INDEX(AF$5:AF$190,MATCH(LARGE(AQ$5:AQ$190,76),AQ$5:AQ$190,0)) -> 0.059459459 | M270: =INDEX(AG$5:AG$190,MATCH(LARGE(AQ$5:AQ$190,76),AQ$5:AQ$190,0)) -> 0.18367347 | N270: =INDEX(AH$5:AH$190,MATCH(LARGE(AQ$5:AQ$190,76),AQ$5:AQ$190,0)) -> 0.037483371 | O270: =INDEX(AI$5:AI$190,MATCH(LARGE(AQ$5:AQ$190,76),AQ$5:AQ$190,0)) -> 0 | P270: =INDEX(AJ$5:AJ$190,MATCH(LARGE(AQ$5:AQ$190,76),AQ$5:AQ$190,0)) -> 0 | Q270: =INDEX(AK$5:AK$190,MATCH(LARGE(AQ$5:AQ$190,76),AQ$5:AQ$190,0)) -> 0.10606061 | R270: =INDEX(AL$5:AL$190,MATCH(LARGE(AQ$5:AQ$190,76),AQ$5:AQ$190,0)) -> 0.63978268 | S270: =INDEX(AM$5:AM$190,MATCH(LARGE(AQ$5:AQ$190,76),AQ$5:AQ$190,0)) -> 0.16666667 | T270: =INDEX(AN$5:AN$190,MATCH(LARGE(AQ$5:AQ$190,76),AQ$5:AQ$190,0)) -> 0.16129032 | U270: =INDEX(AO$5:AO$190,MATCH(LARGE(AQ$5:AQ$190,76),AQ$5:AQ$190,0)) -> 0 | V270: =INDEX(AP$5:AP$190,MATCH(LARGE(AQ$5:AQ$190,76),AQ$5:AQ$190,0)) -> 0.25
A271: 77 | B271: =INDEX($A$5:$A$190,MATCH(LARGE(AQ$5:AQ$190,77),AQ$5:AQ$190,0)) -> Tasks: readPosition(Scanner) | C271: =INDEX(W$5:W$190,MATCH(LARGE(AQ$5:AQ$190,77),AQ$5:AQ$190,0)) -> 0.026315789 | D271: =INDEX(X$5:X$190,MATCH(LARGE(AQ$5:AQ$190,77),AQ$5:AQ$190,0)) -> 0 | E271: =INDEX(Y$5:Y$190,MATCH(LARGE(AQ$5:AQ$190,77),AQ$5:AQ$190,0)) -> 1 | F271: =INDEX(Z$5:Z$190,MATCH(LARGE(AQ$5:AQ$190,77),AQ$5:AQ$190,0)) -> 0.034482759 | G271: =INDEX(AA$5:AA$190,MATCH(LARGE(AQ$5:AQ$190,77),AQ$5:AQ$190,0)) -> 0 | H271: =INDEX(AB$5:AB$190,MATCH(LARGE(AQ$5:AQ$190,77),AQ$5:AQ$190,0)) -> 0 | I271: =INDEX(AC$5:AC$190,MATCH(LARGE(AQ$5:AQ$190,77),AQ$5:AQ$190,0)) -> 0.05994006 | J271: =INDEX(AD$5:AD$190,MATCH(LARGE(AQ$5:AQ$190,77),AQ$5:AQ$190,0)) -> 0.0018111065 | K271: =INDEX(AE$5:AE$190,MATCH(LARGE(AQ$5:AQ$190,77),AQ$5:AQ$190,0)) -> 0.014884734 | L271: =INDEX(AF$5:AF$190,MATCH(LARGE(AQ$5:AQ$190,77),AQ$5:AQ$190,0)) -> 0.043243243 | M271: =INDEX(AG$5:AG$190,MATCH(LARGE(AQ$5:AQ$190,77),AQ$5:AQ$190,0)) -> 0.12244898 | N271: =INDEX(AH$5:AH$190,MATCH(LARGE(AQ$5:AQ$190,77),AQ$5:AQ$190,0)) -> 0.023436464 | O271: =INDEX(AI$5:AI$190,MATCH(LARGE(AQ$5:AQ$190,77),AQ$5:AQ$190,0)) -> 0 | P271: =INDEX(AJ$5:AJ$190,MATCH(LARGE(AQ$5:AQ$190,77),AQ$5:AQ$190,0)) -> 0 | Q271: =INDEX(AK$5:AK$190,MATCH(LARGE(AQ$5:AQ$190,77),AQ$5:AQ$190,0)) -> 0.090909091 | R271: =INDEX(AL$5:AL$190,MATCH(LARGE(AQ$5:AQ$190,77),AQ$5:AQ$190,0)) -> 0.66988048 | S271: =INDEX(AM$5:AM$190,MATCH(LARGE(AQ$5:AQ$190,77),AQ$5:AQ$190,0)) -> 0.16666667 | T271: =INDEX(AN$5:AN$190,MATCH(LARGE(AQ$5:AQ$190,77),AQ$5:AQ$190,0)) -> 0.096774194 | U271: =INDEX(AO$5:AO$190,MATCH(LARGE(AQ$5:AQ$190,77),AQ$5:AQ$190,0)) -> 0 | V271: =INDEX(AP$5:AP$190,MATCH(LARGE(AQ$5:AQ$190,77),AQ$5:AQ$190,0)) -> 0.25
A272: 78 | B272: =INDEX($A$5:$A$190,MATCH(LARGE(AQ$5:AQ$190,78),AQ$5:AQ$190,0)) -> GameResult: setPlayerWon(boolean) | C272: =INDEX(W$5:W$190,MATCH(LARGE(AQ$5:AQ$190,78),AQ$5:AQ$190,0)) -> 0.026315789 | D272: =INDEX(X$5:X$190,MATCH(LARGE(AQ$5:AQ$190,78),AQ$5:AQ$190,0)) -> 0 | E272: =INDEX(Y$5:Y$190,MATCH(LARGE(AQ$5:AQ$190,78),AQ$5:AQ$190,0)) -> 0 | F272: =INDEX(Z$5:Z$190,MATCH(LARGE(AQ$5:AQ$190,78),AQ$5:AQ$190,0)) -> 0 | G272: =INDEX(AA$5:AA$190,MATCH(LARGE(AQ$5:AQ$190,78),AQ$5:AQ$190,0)) -> 0 | H272: =INDEX(AB$5:AB$190,MATCH(LARGE(AQ$5:AQ$190,78),AQ$5:AQ$190,0)) -> 0 | I272: =INDEX(AC$5:AC$190,MATCH(LARGE(AQ$5:AQ$190,78),AQ$5:AQ$190,0)) -> 0.01998002 | J272: =INDEX(AD$5:AD$190,MATCH(LARGE(AQ$5:AQ$190,78),AQ$5:AQ$190,0)) -> 0.00016323915 | K272: =INDEX(AE$5:AE$190,MATCH(LARGE(AQ$5:AQ$190,78),AQ$5:AQ$190,0)) -> 0.0029950989 | L272: =INDEX(AF$5:AF$190,MATCH(LARGE(AQ$5:AQ$190,78),AQ$5:AQ$190,0)) -> 0.016216216 | M272: =INDEX(AG$5:AG$190,MATCH(LARGE(AQ$5:AQ$190,78),AQ$5:AQ$190,0)) -> 0.06122449 | N272: =INDEX(AH$5:AH$190,MATCH(LARGE(AQ$5:AQ$190,78),AQ$5:AQ$190,0)) -> 0.0063371456 | O272: =INDEX(AI$5:AI$190,MATCH(LARGE(AQ$5:AQ$190,78),AQ$5:AQ$190,0)) -> 1 | P272: =INDEX(AJ$5:AJ$190,MATCH(LARGE(AQ$5:AQ$190,78),AQ$5:AQ$190,0)) -> 0 | Q272: =INDEX(AK$5:AK$190,MATCH(LARGE(AQ$5:AQ$190,78),AQ$5:AQ$190,0)) -> 0.0075757576 | R272: =INDEX(AL$5:AL$190,MATCH(LARGE(AQ$5:AQ$190,78),AQ$5:AQ$190,0)) -> 0.95803701 | S272: =INDEX(AM$5:AM$190,MATCH(LARGE(AQ$5:AQ$190,78),AQ$5:AQ$190,0)) -> 0.16666667 | T272: =INDEX(AN$5:AN$190,MATCH(LARGE(AQ$5:AQ$190,78),AQ$5:AQ$190,0)) -> 0.064516129 | U272: =INDEX(AO$5:AO$190,MATCH(LARGE(AQ$5:AQ$190,78),AQ$5:AQ$190,0)) -> 0 | V272: =INDEX(AP$5:AP$190,MATCH(LARGE(AQ$5:AQ$190,78),AQ$5:AQ$190,0)) -> 0.25
A273: 79 | B273: =INDEX($A$5:$A$190,MATCH(LARGE(AQ$5:AQ$190,79),AQ$5:AQ$190,0)) -> GameResult: setPlayerWon(boolean) | C273: =INDEX(W$5:W$190,MATCH(LARGE(AQ$5:AQ$190,79),AQ$5:AQ$190,0)) -> 0.026315789 | D273: =INDEX(X$5:X$190,MATCH(LARGE(AQ$5:AQ$190,79),AQ$5:AQ$190,0)) -> 0 | E273: =INDEX(Y$5:Y$190,MATCH(LARGE(AQ$5:AQ$190,79),AQ$5:AQ$190,0)) -> 0 | F273: =INDEX(Z$5:Z$190,MATCH(LARGE(AQ$5:AQ$190,79),AQ$5:AQ$190,0)) -> 0 | G273: =INDEX(AA$5:AA$190,MATCH(LARGE(AQ$5:AQ$190,79),AQ$5:AQ$190,0)) -> 0 | H273: =INDEX(AB$5:AB$190,MATCH(LARGE(AQ$5:AQ$190,79),AQ$5:AQ$190,0)) -> 0 | I273: =INDEX(AC$5:AC$190,MATCH(LARGE(AQ$5:AQ$190,79),AQ$5:AQ$190,0)) -> 0.01998002 | J273: =INDEX(AD$5:AD$190,MATCH(LARGE(AQ$5:AQ$190,79),AQ$5:AQ$190,0)) -> 0.00016323915 | K273: =INDEX(AE$5:AE$190,MATCH(LARGE(AQ$5:AQ$190,79),AQ$5:AQ$190,0)) -> 0.0029950989 | L273: =INDEX(AF$5:AF$190,MATCH(LARGE(AQ$5:AQ$190,79),AQ$5:AQ$190,0)) -> 0.016216216 | M273: =INDEX(AG$5:AG$190,MATCH(LARGE(AQ$5:AQ$190,79),AQ$5:AQ$190,0)) -> 0.06122449 | N273: =INDEX(AH$5:AH$190,MATCH(LARGE(AQ$5:AQ$190,79),AQ$5:AQ$190,0)) -> 0.0063371456 | O273: =INDEX(AI$5:AI$190,MATCH(LARGE(AQ$5:AQ$190,79),AQ$5:AQ$190,0)) -> 1 | P273: =INDEX(AJ$5:AJ$190,MATCH(LARGE(AQ$5:AQ$190,79),AQ$5:AQ$190,0)) -> 0 | Q273: =INDEX(AK$5:AK$190,MATCH(LARGE(AQ$5:AQ$190,79),AQ$5:AQ$190,0)) -> 0.0075757576 | R273: =INDEX(AL$5:AL$190,MATCH(LARGE(AQ$5:AQ$190,79),AQ$5:AQ$190,0)) -> 0.95803701 | S273: =INDEX(AM$5:AM$190,MATCH(LARGE(AQ$5:AQ$190,79),AQ$5:AQ$190,0)) -> 0.16666667 | T273: =INDEX(AN$5:AN$190,MATCH(LARGE(AQ$5:AQ$190,79),AQ$5:AQ$190,0)) -> 0.064516129 | U273: =INDEX(AO$5:AO$190,MATCH(LARGE(AQ$5:AQ$190,79),AQ$5:AQ$190,0)) -> 0 | V273: =INDEX(AP$5:AP$190,MATCH(LARGE(AQ$5:AQ$190,79),AQ$5:AQ$190,0)) -> 0.25
A274: 80 | B274: =INDEX($A$5:$A$190,MATCH(LARGE(AQ$5:AQ$190,80),AQ$5:AQ$190,0)) -> GameResult: setDate(LocalDateTime) | C274: =INDEX(W$5:W$190,MATCH(LARGE(AQ$5:AQ$190,80),AQ$5:AQ$190,0)) -> 0.026315789 | D274: =INDEX(X$5:X$190,MATCH(LARGE(AQ$5:AQ$190,80),AQ$5:AQ$190,0)) -> 0 | E274: =INDEX(Y$5:Y$190,MATCH(LARGE(AQ$5:AQ$190,80),AQ$5:AQ$190,0)) -> 0 | F274: =INDEX(Z$5:Z$190,MATCH(LARGE(AQ$5:AQ$190,80),AQ$5:AQ$190,0)) -> 0 | G274: =INDEX(AA$5:AA$190,MATCH(LARGE(AQ$5:AQ$190,80),AQ$5:AQ$190,0)) -> 0 | H274: =INDEX(AB$5:AB$190,MATCH(LARGE(AQ$5:AQ$190,80),AQ$5:AQ$190,0)) -> 0 | I274: =INDEX(AC$5:AC$190,MATCH(LARGE(AQ$5:AQ$190,80),AQ$5:AQ$190,0)) -> 0.014985015 | J274: =INDEX(AD$5:AD$190,MATCH(LARGE(AQ$5:AQ$190,80),AQ$5:AQ$190,0)) -> 9.1642969e-05 | K274: =INDEX(AE$5:AE$190,MATCH(LARGE(AQ$5:AQ$190,80),AQ$5:AQ$190,0)) -> 0.0019967326 | L274: =INDEX(AF$5:AF$190,MATCH(LARGE(AQ$5:AQ$190,80),AQ$5:AQ$190,0)) -> 0.013513514 | M274: =INDEX(AG$5:AG$190,MATCH(LARGE(AQ$5:AQ$190,80),AQ$5:AQ$190,0)) -> 0.051020408 | N274: =INDEX(AH$5:AH$190,MATCH(LARGE(AQ$5:AQ$190,80),AQ$5:AQ$190,0)) -> 0.0047435638 | O274: =INDEX(AI$5:AI$190,MATCH(LARGE(AQ$5:AQ$190,80),AQ$5:AQ$190,0)) -> 1 | P274: =INDEX(AJ$5:AJ$190,MATCH(LARGE(AQ$5:AQ$190,80),AQ$5:AQ$190,0)) -> 0 | Q274: =INDEX(AK$5:AK$190,MATCH(LARGE(AQ$5:AQ$190,80),AQ$5:AQ$190,0)) -> 0.0075757576 | R274: =INDEX(AL$5:AL$190,MATCH(LARGE(AQ$5:AQ$190,80),AQ$5:AQ$190,0)) -> 0.96788412 | S274: =INDEX(AM$5:AM$190,MATCH(LARGE(AQ$5:AQ$190,80),AQ$5:AQ$190,0)) -> 0.16666667 | T274: =INDEX(AN$5:AN$190,MATCH(LARGE(AQ$5:AQ$190,80),AQ$5:AQ$190,0)) -> 0.064516129 | U274: =INDEX(AO$5:AO$190,MATCH(LARGE(AQ$5:AQ$190,80),AQ$5:AQ$190,0)) -> 0 | V274: =INDEX(AP$5:AP$190,MATCH(LARGE(AQ$5:AQ$190,80),AQ$5:AQ$190,0)) -> 0.25
